Date,Open,High,Low,Close,Adj Close,Volume
2013-03-05,205.860001,207.699997,205.690002,206.529999,176.629669,3807800
2013-03-06,207.029999,208.490005,206.660004,208.380005,178.211838,3594800
2013-03-07,208.289993,209.600006,208.240005,209.419998,179.101303,3884400
2013-03-08,209.850006,210.740005,209.429993,210.380005,179.922318,3700500
2013-03-11,210.039993,210.199997,209.039993,210.080002,179.665741,3049700
2013-03-12,209.399994,210.729996,209.089996,210.550003,180.067688,3591600
2013-03-13,210.199997,212.360001,209.770004,212.059998,181.359070,3355900
2013-03-14,212.149994,215.860001,212.149994,215.800003,184.557632,5505500
2013-03-15,215.380005,215.899994,213.410004,214.919998,183.805008,7930300
2013-03-18,212.899994,214.500000,212.639999,213.210007,182.342606,3006000
2013-03-19,214.130005,215.119995,211.830002,213.440002,182.539261,3198600
2013-03-20,214.759995,215.820007,214.300003,215.059998,183.924744,3019000
2013-03-21,212.960007,213.000000,210.110001,212.259995,181.530106,5830400
2013-03-22,212.210007,213.169998,211.619995,212.080002,181.376205,3031500
2013-03-25,212.539993,212.809998,210.050003,210.740005,180.230179,3242500
2013-03-26,211.770004,212.500000,211.500000,212.360001,181.615692,2300300
2013-03-27,210.960007,212.160004,210.100006,210.889999,180.358444,3223400
2013-03-28,209.830002,213.440002,209.740005,213.300003,182.419556,3749900
2013-04-01,212.800003,213.500000,211.250000,212.380005,181.632736,2144500
2013-04-02,212.919998,214.710007,211.570007,214.360001,183.326096,3116800
2013-04-03,214.320007,214.889999,212.630005,212.660004,181.872223,3128800
2013-04-04,212.770004,212.929993,210.039993,211.309998,180.717682,3709500
2013-04-05,209.100006,209.839996,206.339996,209.410004,179.092743,4148000
2013-04-08,209.070007,209.320007,207.330002,209.320007,179.015778,2351200
2013-04-09,209.559998,210.000000,208.610001,209.220001,178.930252,2577300
2013-04-10,211.860001,212.509995,210.470001,212.000000,181.307785,3524200
2013-04-11,211.500000,213.089996,210.850006,212.919998,182.094604,3655600
2013-04-12,210.789993,211.490005,209.779999,211.380005,180.777557,3165400
2013-04-15,210.440002,211.690002,209.259995,209.259995,178.964447,4218100
2013-04-16,210.839996,212.000000,209.199997,212.000000,181.307785,2859500
2013-04-17,210.529999,211.089996,209.500000,209.669998,179.315109,3269800
2013-04-18,210.110001,210.250000,206.149994,207.149994,177.159897,6502000
2013-04-19,195.740005,196.500000,189.759995,190.000000,162.492813,18847000
2013-04-22,191.149994,191.380005,187.679993,187.830002,160.636993,9845400
2013-04-23,189.270004,192.550003,188.610001,191.610001,163.869720,6296100
2013-04-24,192.160004,192.500000,191.089996,191.710007,163.955231,3693900
2013-04-25,192.690002,195.169998,192.320007,193.949997,165.870972,4650900
2013-04-26,194.160004,194.710007,193.250000,194.309998,166.178848,3490300
2013-04-29,194.779999,199.679993,194.649994,199.149994,170.318146,5932400
2013-04-30,199.130005,202.589996,197.350006,202.539993,173.217331,7539900
2013-05-01,201.869995,202.169998,199.199997,199.630005,170.728653,4899100
2013-05-02,200.119995,202.429993,199.750000,202.389999,173.089066,3945100
2013-05-03,203.940002,205.320007,203.750000,204.509995,174.902115,4492700
2013-05-06,203.789993,203.990005,201.520004,202.779999,173.422607,4826500
2013-05-07,202.809998,203.729996,201.649994,203.630005,174.149551,3451000
2013-05-08,202.940002,204.850006,202.509995,204.820007,175.988297,3601700
2013-05-09,204.690002,205.000000,202.720001,203.240005,174.630692,3542300
2013-05-10,203.369995,204.529999,202.820007,204.470001,175.687546,3279200
2013-05-13,204.179993,204.470001,202.220001,202.470001,173.969070,3648400
2013-05-14,202.089996,203.669998,202.080002,203.210007,174.604919,3699700
2013-05-15,202.250000,203.679993,202.039993,203.320007,174.699417,4028100
2013-05-16,204.000000,206.589996,204.000000,204.690002,175.876572,4507000
2013-05-17,205.250000,209.500000,204.990005,208.440002,179.098724,5704100
2013-05-20,208.020004,209.149994,207.419998,207.600006,178.376968,3614500
2013-05-21,207.240005,209.479996,207.000000,208.649994,179.279129,2982900
2013-05-22,208.500000,210.149994,206.119995,206.990005,177.852829,5186800
2013-05-23,205.479996,208.610001,205.130005,206.160004,177.139679,5179100
2013-05-24,204.690002,206.429993,204.419998,205.720001,176.761597,3295800
2013-05-28,207.440002,208.589996,207.160004,207.779999,178.531662,4011500
2013-05-29,206.220001,208.419998,206.039993,207.919998,178.651901,3439400
2013-05-30,206.970001,210.990005,206.970001,209.360001,179.889221,4399700
2013-05-31,208.589996,211.979996,208.020004,208.020004,178.737839,4949000
2013-06-03,208.250000,210.050003,207.330002,208.949997,179.536880,3322000
2013-06-04,208.600006,209.000000,205.080002,206.190002,177.165466,3598300
2013-06-05,205.160004,206.289993,202.399994,202.740005,174.201080,4215400
2013-06-06,203.000000,204.199997,201.470001,203.800003,175.111877,3679400
2013-06-07,204.850006,206.350006,204.110001,206.350006,177.302933,2953400
2013-06-10,206.970001,206.979996,204.899994,205.020004,176.160156,2652300
2013-06-11,203.169998,205.949997,202.509995,203.979996,175.266556,2814400
2013-06-12,204.589996,205.229996,200.509995,201.199997,172.877869,3409800
2013-06-13,201.009995,204.399994,200.339996,203.770004,175.086075,2899500
2013-06-14,203.970001,204.740005,201.809998,202.199997,173.737091,2804500
2013-06-17,203.440002,205.169998,202.550003,203.039993,174.458878,3219900
2013-06-18,203.020004,206.089996,202.869995,204.869995,176.031265,3277800
2013-06-19,204.440002,205.029999,201.929993,201.940002,173.513718,2846100
2013-06-20,200.669998,201.699997,197.279999,197.350006,169.569824,4514800
2013-06-21,198.500000,198.520004,193.539993,195.460007,167.945877,8914800
2013-06-24,193.990005,194.910004,191.339996,193.539993,166.296127,4356200
2013-06-25,195.309998,195.589996,193.149994,194.979996,167.533432,3846200
2013-06-26,195.970001,196.229996,194.500000,194.860001,167.430328,3320200
2013-06-27,196.050003,196.899994,195.289993,195.649994,168.109131,3514200
2013-06-28,191.729996,192.660004,188.410004,191.110001,164.208221,10055800
2013-07-01,192.149994,193.800003,191.119995,191.279999,164.354263,4442400
2013-07-02,190.779999,193.229996,190.259995,191.500000,164.543289,3657700
2013-07-03,190.979996,194.220001,190.509995,193.250000,166.046982,1872600
2013-07-05,194.490005,195.160004,192.350006,194.929993,167.490448,2405400
2013-07-08,195.600006,195.779999,194.610001,194.979996,167.533432,2947500
2013-07-09,191.880005,192.800003,190.779999,191.300003,164.371460,5204200
2013-07-10,191.509995,193.429993,191.270004,192.250000,165.187698,3892000
2013-07-11,193.779999,194.110001,192.610001,192.800003,165.660278,4177500
2013-07-12,193.070007,193.699997,191.589996,192.070007,165.033081,4494700
2013-07-15,192.419998,194.889999,191.679993,194.000000,166.691406,5674700
2013-07-16,194.039993,194.580002,192.679993,193.850006,166.562531,3745300
2013-07-17,194.720001,194.889999,193.029999,194.550003,167.163956,6868400
2013-07-18,198.270004,200.940002,195.990005,197.990005,170.119736,8393400
2013-07-19,197.910004,197.990005,193.240005,193.539993,166.296127,6997600
2013-07-22,193.399994,195.789993,193.279999,194.089996,166.768723,3398000
2013-07-23,194.210007,196.429993,194.100006,194.979996,167.533432,2863800
2013-07-24,195.949997,197.300003,195.860001,196.610001,168.933990,2957900
2013-07-25,196.300003,197.830002,195.660004,197.220001,169.458099,3014300
2013-07-26,196.589996,197.369995,195.000000,197.350006,169.569824,2485100
2013-07-29,196.830002,197.190002,195.529999,196.210007,168.590317,2113700
2013-07-30,196.990005,197.830002,195.809998,196.009995,168.418472,2663200
2013-07-31,194.490005,196.910004,194.490005,195.039993,167.584961,3810000
2013-08-01,196.649994,197.169998,195.410004,195.809998,168.246613,2877700
2013-08-02,195.500000,195.500000,193.220001,195.160004,167.688126,3874000
2013-08-05,195.160004,195.880005,194.350006,195.500000,167.980240,2490900
2013-08-06,192.259995,192.509995,190.270004,190.990005,164.105072,5938500
2013-08-07,189.600006,189.929993,188.050003,188.559998,162.827057,3901700
2013-08-08,189.449997,189.869995,186.789993,187.929993,162.283035,4547600
2013-08-09,188.000000,189.160004,187.000000,187.820007,162.188080,3249600
2013-08-12,186.970001,189.559998,186.889999,189.089996,163.284744,3026500
2013-08-13,189.539993,189.990005,187.559998,188.419998,162.706161,3542900
2013-08-14,188.580002,188.929993,187.300003,187.529999,161.937653,2892300
2013-08-15,186.229996,187.000000,185.449997,185.789993,160.435074,3692400
2013-08-16,185.539993,186.460007,185.339996,185.339996,160.046524,3426400
2013-08-19,185.300003,186.500000,183.979996,184.229996,159.087982,3248900
2013-08-20,184.369995,185.630005,183.169998,184.559998,159.372925,3117800
2013-08-21,184.669998,186.570007,184.279999,184.860001,159.632034,3551000
2013-08-22,185.649994,186.250000,184.250000,185.190002,159.916946,2354300
2013-08-23,185.339996,185.740005,184.570007,185.419998,160.115585,2292700
2013-08-26,185.270004,187.000000,184.679993,184.740005,159.528397,2170400
2013-08-27,183.630005,184.500000,182.570007,182.740005,157.801331,3190700
2013-08-28,182.679993,183.470001,181.100006,182.160004,157.300491,3979200
2013-08-29,181.960007,183.699997,181.440002,182.639999,157.714981,2980900
2013-08-30,182.750000,182.990005,181.509995,182.270004,157.395477,2731000
2013-09-03,183.630005,184.320007,182.509995,183.960007,158.854858,3487200
2013-09-04,183.580002,184.190002,182.309998,183.130005,158.138092,2597900
2013-09-05,183.350006,185.000000,183.070007,184.149994,159.018906,2867600
2013-09-06,184.649994,184.990005,182.649994,183.029999,158.051743,2903500
2013-09-09,183.679993,185.490005,183.309998,184.979996,159.735611,3017200
2013-09-10,187.199997,187.649994,186.369995,186.600006,161.134583,3149600
2013-09-11,186.830002,190.869995,186.820007,190.699997,164.675018,4962900
2013-09-12,190.960007,191.320007,189.850006,190.729996,164.700912,3354800
2013-09-13,191.210007,193.100006,191.000000,192.169998,165.944397,3710400
2013-09-16,193.699997,194.809998,192.610001,193.149994,166.790680,3902400
2013-09-17,193.419998,194.149994,191.830002,192.160004,165.935760,2930900
2013-09-18,192.600006,194.889999,192.000000,194.419998,167.887344,3841800
2013-09-19,194.179993,194.889999,193.220001,193.389999,166.997879,3178100
2013-09-20,193.960007,194.429993,190.020004,190.020004,164.087830,8525900
2013-09-23,190.059998,192.410004,189.330002,190.990005,164.925461,3340800
2013-09-24,190.929993,191.559998,189.660004,189.970001,164.044617,3085300
2013-09-25,190.139999,190.619995,188.500000,189.470001,163.612900,2654500
2013-09-26,190.100006,191.759995,189.460007,190.220001,164.260529,2093600
2013-09-27,188.869995,188.940002,186.449997,186.919998,161.410797,3905500
2013-09-30,185.559998,186.740005,184.339996,185.179993,159.908340,3978200
2013-10-01,185.339996,186.649994,184.649994,186.380005,160.944595,2681200
2013-10-02,185.539993,186.309998,184.410004,184.960007,159.718353,3617100
2013-10-03,184.699997,184.960007,183.000000,183.860001,158.768463,3211800
2013-10-04,184.169998,185.130005,183.580002,184.100006,158.975769,2863600
2013-10-07,181.850006,183.309998,181.850006,182.009995,157.170959,3966400
2013-10-08,181.889999,181.990005,178.710007,178.720001,154.329956,5578300
2013-10-09,179.369995,181.669998,179.100006,181.320007,156.575119,4423500
2013-10-10,183.169998,184.770004,182.360001,184.770004,159.554276,3658900
2013-10-11,185.250000,186.229996,184.119995,186.160004,160.754623,3232600
2013-10-14,185.410004,186.990005,184.419998,186.970001,161.454041,2663100
2013-10-15,185.740005,185.940002,184.220001,184.660004,159.459335,3365100
2013-10-16,185.419998,186.729996,184.990005,186.729996,161.246811,6718000
2013-10-17,173.839996,177.000000,172.570007,174.830002,150.970795,22368900
2013-10-18,174.800003,175.000000,173.250000,173.779999,150.064117,10548000
2013-10-21,174.419998,174.750000,172.630005,172.860001,149.269684,7098700
2013-10-22,173.350006,175.570007,172.949997,174.970001,151.091721,6977300
2013-10-23,175.089996,175.990005,174.399994,175.770004,151.782516,5409400
2013-10-24,176.429993,177.889999,176.250000,177.800003,153.535507,5533300
2013-10-25,178.429993,179.100006,176.259995,176.850006,152.715134,4842800
2013-10-28,177.039993,177.889999,176.199997,177.350006,153.146942,3712700
2013-10-29,177.619995,182.320007,177.500000,182.119995,157.265930,8904600
2013-10-30,181.690002,182.179993,179.860001,180.149994,155.564804,5273700
2013-10-31,179.649994,181.669998,179.039993,179.210007,154.753082,4318100
2013-11-01,179.809998,180.339996,178.880005,179.229996,154.770340,3644500
2013-11-04,179.899994,180.800003,179.339996,180.270004,155.668427,3483300
2013-11-05,179.539993,179.800003,177.710007,177.850006,153.578644,6096800
2013-11-06,177.910004,179.750000,177.779999,179.190002,155.566803,4560700
2013-11-07,179.600006,181.389999,179.600006,180.000000,156.269989,5219500
2013-11-08,178.830002,180.080002,177.350006,179.990005,156.261307,6275000
2013-11-11,180.190002,183.389999,180.039993,182.880005,158.770279,5222300
2013-11-12,182.529999,184.050003,182.259995,183.070007,158.935272,4258500
2013-11-13,182.270004,183.550003,181.589996,183.550003,159.351990,4704400
2013-11-14,180.479996,183.199997,179.660004,182.210007,158.188644,6321500
2013-11-15,182.380005,183.279999,181.160004,183.190002,159.039429,5176100
2013-11-18,183.520004,184.990005,183.270004,184.470001,160.150665,5344900
2013-11-19,184.630005,186.199997,184.149994,185.250000,160.827866,4577000
2013-11-20,185.220001,186.240005,184.649994,185.190002,160.775757,3645800
2013-11-21,185.539993,185.750000,183.410004,184.130005,159.855545,4459500
2013-11-22,183.500000,184.990005,179.919998,181.300003,157.398605,7610200
2013-11-25,180.250000,180.750000,177.820007,178.940002,155.349747,7161900
2013-11-26,178.669998,178.940002,177.309998,177.309998,153.934616,5756000
2013-11-27,177.830002,180.179993,177.820007,178.970001,155.375763,4596500
2013-11-29,179.210007,180.759995,179.000000,179.679993,155.992188,2870500
2013-12-02,179.460007,179.589996,177.119995,177.479996,154.082199,4560000
2013-12-03,177.000000,178.229996,175.639999,176.080002,152.866760,5864000
2013-12-04,175.369995,177.500000,175.160004,175.740005,152.571594,5267400
2013-12-05,176.149994,176.860001,175.279999,176.080002,152.866760,4384900
2013-12-06,176.699997,178.000000,176.009995,177.669998,154.247147,4739800
2013-12-09,177.990005,178.149994,176.830002,177.460007,154.064850,3796600
2013-12-10,176.899994,177.669998,176.059998,177.119995,153.769653,4127800
2013-12-11,177.000000,177.759995,175.100006,175.199997,152.102783,4090400
2013-12-12,175.059998,175.800003,173.300003,173.369995,150.514069,5671600
2013-12-13,173.520004,174.380005,172.729996,172.800003,150.019196,4184400
2013-12-16,173.220001,178.350006,172.729996,177.850006,154.403427,7517000
2013-12-17,177.360001,177.490005,175.119995,175.759995,152.588943,5471900
2013-12-18,176.449997,178.740005,174.850006,178.699997,155.141388,5697700
2013-12-19,177.880005,180.539993,177.880005,180.220001,156.460999,5927000
2013-12-20,180.119995,182.000000,180.020004,180.020004,156.287354,7653500
2013-12-23,181.050003,182.929993,180.610001,182.229996,158.206024,4079900
2013-12-24,181.960007,183.500000,181.910004,183.220001,159.065521,1613600
2013-12-26,183.559998,185.559998,183.509995,185.350006,160.914703,3325700
2013-12-27,185.839996,186.500000,184.559998,185.080002,160.680298,3381600
2013-12-30,185.320007,186.699997,184.669998,186.410004,161.834930,3018600
2013-12-31,186.490005,187.789993,186.300003,187.570007,162.842026,3619700
2014-01-02,187.210007,187.399994,185.199997,185.529999,161.070953,4546500
2014-01-03,185.830002,187.350006,185.300003,186.639999,162.034622,4063200
2014-01-06,187.149994,187.360001,185.300003,186.000000,161.478958,4067800
2014-01-07,186.389999,190.350006,186.380005,189.710007,164.699905,5932300
2014-01-08,189.330002,189.419998,187.259995,187.970001,163.189301,4603700
2014-01-09,189.020004,189.500000,186.550003,187.380005,162.677063,4321300
2014-01-10,188.309998,188.570007,186.279999,187.259995,162.572876,4022400
2014-01-13,186.259995,186.949997,183.860001,184.160004,159.881561,5784700
2014-01-14,185.059998,186.429993,183.880005,185.919998,161.409500,4619200
2014-01-15,185.820007,188.649994,185.490005,187.740005,162.989578,4816500
2014-01-16,187.529999,188.990005,186.800003,188.759995,163.875107,4770300
2014-01-17,188.039993,190.809998,187.860001,190.089996,165.029770,7644600
2014-01-21,190.229996,190.389999,186.789993,188.429993,163.588638,11076300
2014-01-22,181.279999,183.500000,179.669998,182.250000,158.223358,13796100
2014-01-23,181.429993,183.720001,180.710007,182.729996,158.640060,6973900
2014-01-24,181.250000,182.809998,179.639999,179.639999,155.957458,6890600
2014-01-27,179.610001,179.649994,177.660004,177.899994,154.446838,5208600
2014-01-28,178.050003,178.449997,176.160004,176.850006,153.535263,5333300
2014-01-29,175.979996,178.529999,175.889999,176.399994,153.144562,4970900
2014-01-30,177.169998,177.860001,176.360001,177.360001,153.978027,4853700
2014-01-31,176.110001,177.839996,175.339996,176.679993,153.387650,5193400
2014-02-03,176.020004,176.020004,172.720001,172.899994,150.105988,7186800
2014-02-04,173.529999,173.750000,172.360001,172.839996,150.053909,4349800
2014-02-05,172.190002,174.970001,172.190002,174.240005,151.269379,4712300
2014-02-06,173.970001,174.850006,173.789993,174.669998,152.473969,4292200
2014-02-07,175.639999,177.559998,175.070007,177.250000,154.726120,4692900
2014-02-10,176.970001,177.649994,176.250000,177.139999,154.630112,3540400
2014-02-11,176.809998,180.389999,176.800003,179.699997,156.864807,4647300
2014-02-12,179.520004,181.250000,179.259995,180.240005,157.336197,3983000
2014-02-13,178.220001,182.360001,177.860001,181.839996,158.732864,4482000
2014-02-14,181.259995,184.429993,180.990005,183.690002,160.347778,4659900
2014-02-18,183.179993,184.000000,182.320007,183.190002,159.911301,4435200
2014-02-19,182.740005,185.649994,182.410004,182.949997,159.701797,4671500
2014-02-20,182.960007,184.860001,182.789993,184.259995,160.845322,4968200
2014-02-21,184.250000,185.710007,182.619995,182.789993,159.562134,5699300
2014-02-24,182.820007,185.160004,182.820007,183.449997,160.138290,4595300
2014-02-25,183.520004,184.600006,182.880005,183.229996,159.946213,3902300
2014-02-26,183.940002,185.279999,183.559998,184.059998,160.670761,3740700
2014-02-27,183.830002,185.949997,183.809998,185.270004,161.727005,3827800
2014-02-28,185.380005,186.119995,183.649994,185.169998,161.639725,4667900
2014-03-03,183.330002,184.639999,182.820007,184.259995,160.845322,3950100
2014-03-04,185.809998,187.160004,185.679993,186.440002,162.748337,4733000
2014-03-05,186.570007,187.949997,186.399994,187.139999,163.359344,3485200
2014-03-06,187.369995,188.389999,186.899994,187.639999,163.795822,3817300
2014-03-07,188.350006,188.919998,187.179993,187.679993,163.830734,4117800
2014-03-10,187.550003,188.369995,185.850006,186.389999,162.704666,4591200
2014-03-11,187.410004,188.449997,186.039993,186.759995,163.027664,4229500
2014-03-12,186.009995,187.449997,185.889999,186.220001,162.556274,4833000
2014-03-13,186.410004,187.000000,183.710007,183.899994,160.531097,4913200
2014-03-14,183.889999,184.289993,182.210007,182.210007,159.055847,5490300
2014-03-17,182.660004,186.350006,182.660004,185.809998,162.198364,4938100
2014-03-18,185.990005,187.899994,185.539993,186.809998,163.071335,3961300
2014-03-19,185.600006,186.699997,183.500000,184.710007,161.238174,4323900
2014-03-20,184.470001,188.259995,184.169998,187.899994,164.022812,5062600
2014-03-21,188.500000,188.699997,186.399994,186.669998,162.949127,12535200
2014-03-24,187.429993,189.440002,187.369995,188.250000,164.328323,5738500
2014-03-25,188.759995,195.399994,188.699997,195.039993,170.255478,10912700
2014-03-26,194.979996,195.630005,191.960007,192.619995,168.143005,6851700
2014-03-27,191.910004,192.669998,189.320007,189.830002,165.707565,6767700
2014-03-28,189.940002,192.619995,189.110001,190.449997,166.248779,5194400
2014-03-31,191.639999,193.770004,191.399994,192.490005,168.029556,8537300
2014-04-01,193.119995,195.130005,192.779999,194.500000,169.784103,5394100
2014-04-02,194.240005,194.500000,192.490005,193.550003,168.954834,4924100
2014-04-03,193.199997,193.380005,192.350006,192.690002,168.204132,4091100
2014-04-04,193.119995,193.970001,191.279999,191.770004,167.401016,6089900
2014-04-07,191.720001,195.309998,191.570007,194.520004,169.801559,6740500
2014-04-08,193.889999,194.169998,192.690002,193.289993,168.727875,5125000
2014-04-09,193.880005,197.000000,193.600006,196.639999,171.652176,5480100
2014-04-10,196.059998,199.210007,195.660004,195.679993,170.814148,8417900
2014-04-11,195.039993,197.000000,194.270004,195.190002,170.386414,4835000
2014-04-14,196.240005,198.240005,195.880005,197.770004,172.638565,5431100
2014-04-15,195.979996,197.410004,195.419998,197.020004,171.983871,5351300
2014-04-16,198.050003,198.710007,195.000000,196.399994,171.442642,8527300
2014-04-17,187.250000,190.699997,187.009995,190.009995,165.864670,11249600
2014-04-21,189.800003,192.809998,189.740005,192.270004,167.837494,5419700
2014-04-22,192.009995,193.000000,191.199997,192.149994,167.732742,3878600
2014-04-23,191.789993,192.410004,190.110001,191.729996,167.366089,4736400
2014-04-24,192.220001,192.220001,190.029999,190.220001,166.047943,4407100
2014-04-25,190.539993,190.669998,189.110001,189.630005,165.532959,3871000
2014-04-28,191.139999,193.990005,190.580002,193.139999,168.596954,5638300
2014-04-29,193.589996,195.940002,193.410004,195.110001,170.316620,4626300
2014-04-30,194.380005,196.860001,194.350006,196.470001,171.503769,4206800
2014-05-01,196.309998,196.740005,193.149994,193.529999,168.937378,3674000
2014-05-02,193.750000,193.839996,191.250000,191.440002,167.112946,3049900
2014-05-05,191.050003,191.490005,189.800003,191.259995,166.955795,2222100
2014-05-06,190.929993,190.949997,189.250000,190.029999,165.882126,3188700
2014-05-07,189.339996,190.300003,186.929993,189.300003,166.207016,3821000
2014-05-08,189.160004,190.570007,188.229996,188.910004,165.864578,2431900
2014-05-09,188.979996,190.589996,188.369995,190.080002,166.891830,2261600
2014-05-12,191.119995,193.020004,190.940002,192.570007,169.078079,3777400
2014-05-13,192.789993,193.029999,191.759995,192.190002,168.744446,2226600
2014-05-14,191.910004,191.990005,188.169998,188.720001,165.697784,5251500
2014-05-15,189.070007,189.080002,186.179993,186.460007,163.713455,4202200
2014-05-16,186.270004,187.410004,185.929993,187.059998,164.240265,3949500
2014-05-19,186.610001,187.130005,186.039993,187.000000,164.187607,3270700
2014-05-20,186.250000,186.699997,184.699997,184.889999,162.334991,3026500
2014-05-21,185.850006,187.160004,184.949997,186.389999,163.651978,2988000
2014-05-22,186.449997,186.449997,185.029999,185.679993,163.028580,2218000
2014-05-23,185.839996,186.139999,185.309998,185.940002,163.256882,2562900
2014-05-27,184.800003,185.649994,183.929993,184.779999,162.238403,4793800
2014-05-28,184.479996,184.880005,182.940002,183.080002,160.745789,3721600
2014-05-29,183.639999,183.779999,182.330002,183.759995,161.342789,2759900
2014-05-30,183.380005,184.570007,182.490005,184.360001,161.869614,4620500
2014-06-02,184.759995,186.279999,184.669998,185.690002,163.037399,3200500
2014-06-03,185.550003,185.759995,184.119995,184.369995,161.878418,2517100
2014-06-04,184.710007,185.449997,184.199997,184.509995,162.001328,2376800
2014-06-05,184.660004,186.089996,183.919998,185.979996,163.292007,2852200
2014-06-06,186.470001,187.649994,185.899994,186.369995,163.634445,3296700
2014-06-09,186.220001,187.639999,185.960007,186.220001,163.502747,2728400
2014-06-10,186.199997,186.220001,183.820007,184.289993,161.808167,4154900
2014-06-11,183.610001,184.199997,182.009995,182.250000,160.017044,4061700
2014-06-12,182.479996,182.550003,180.910004,181.220001,159.112701,4425300
2014-06-13,182.000000,183.000000,181.520004,182.559998,160.289185,2773600
2014-06-16,182.399994,182.710007,181.240005,182.350006,160.104843,3556200
2014-06-17,181.899994,182.809998,181.559998,182.259995,160.025818,2460900
2014-06-18,182.039993,183.610001,181.789993,183.600006,161.202347,3931800
2014-06-19,184.119995,184.470001,182.360001,182.820007,160.517517,3551100
2014-06-20,182.589996,182.669998,181.399994,181.550003,159.402451,10686800
2014-06-23,181.919998,182.250000,181.000000,182.139999,159.920456,3231700
2014-06-24,181.500000,183.000000,180.649994,180.880005,158.814178,3875400
2014-06-25,180.250000,180.970001,180.059998,180.720001,158.673676,2762800
2014-06-26,180.869995,181.369995,179.270004,180.369995,158.366348,3258500
2014-06-27,179.770004,182.460007,179.660004,181.710007,159.542923,4575500
2014-06-30,181.330002,181.929993,180.259995,181.270004,159.156601,4223800
2014-07-01,181.699997,187.270004,181.699997,186.350006,163.616882,6643100
2014-07-02,186.339996,188.990005,186.169998,188.389999,165.407990,5093000
2014-07-03,188.389999,188.809998,187.350006,188.529999,165.530930,2422400
2014-07-07,187.610001,188.270004,187.440002,188.039993,165.100677,2958700
2014-07-08,187.649994,188.080002,186.369995,187.220001,164.380722,3135100
2014-07-09,187.679993,188.899994,186.889999,188.419998,165.434357,3309600
2014-07-10,186.440002,188.050003,186.210007,187.699997,164.802139,3177800
2014-07-11,187.729996,188.350006,186.710007,188.000000,165.065598,2402500
2014-07-14,188.550003,190.440002,188.529999,189.860001,166.698669,4501100
2014-07-15,189.539993,190.080002,188.210007,188.490005,165.495834,4864700
2014-07-16,192.240005,193.360001,190.759995,192.360001,168.893723,7812600
2014-07-17,192.360001,195.949997,192.000000,192.490005,169.007828,8872300
2014-07-18,191.960007,193.440002,190.000000,192.500000,169.016632,8166400
2014-07-21,191.300003,191.699997,189.250000,190.850006,167.567902,4154400
2014-07-22,191.589996,194.720001,191.559998,194.089996,170.412659,4853000
2014-07-23,194.110001,194.899994,193.570007,193.630005,170.008774,3584200
2014-07-24,193.949997,195.619995,193.750000,195.240005,171.422363,3612700
2014-07-25,195.300003,195.899994,193.789993,194.399994,170.684830,3376400
2014-07-28,194.300003,196.399994,193.649994,195.779999,171.896484,3242400
2014-07-29,195.300003,195.889999,194.539993,194.570007,170.834091,3264100
2014-07-30,195.199997,195.990005,192.899994,194.000000,170.333633,3943800
2014-07-31,192.839996,194.289993,191.539993,191.669998,168.287872,4207500
2014-08-01,190.500000,191.500000,188.860001,189.149994,166.075302,5181100
2014-08-04,189.350006,189.949997,188.600006,189.639999,166.505539,2125900
2014-08-05,188.750000,189.199997,186.440002,187.100006,164.275345,3307900
2014-08-06,185.360001,186.880005,184.440002,185.970001,164.248871,3847000
2014-08-07,186.639999,186.679993,183.580002,184.300003,162.773972,2708600
2014-08-08,184.399994,186.669998,183.580002,186.630005,164.831802,2781500
2014-08-11,187.809998,188.360001,186.279999,187.470001,165.573669,2527200
2014-08-12,187.449997,188.690002,186.809998,187.339996,165.458862,1858600
2014-08-13,188.000000,188.479996,187.369995,187.949997,165.997620,1795000
2014-08-14,187.570007,188.169998,186.929993,187.880005,165.935791,1929500
2014-08-15,187.850006,188.880005,186.789993,187.380005,165.494232,2814800
2014-08-18,188.100006,189.809998,187.759995,189.360001,167.242920,2420300
2014-08-19,190.039993,190.250000,189.360001,190.070007,167.870026,2040100
2014-08-20,189.860001,190.389999,189.250000,190.100006,167.896515,2177600
2014-08-21,190.899994,192.070007,190.500000,191.229996,168.894516,2496500
2014-08-22,190.770004,191.880005,190.289993,190.410004,168.170303,1940300
2014-08-25,191.389999,191.809998,190.710007,191.160004,168.832703,1723600
2014-08-26,191.020004,193.529999,191.020004,192.990005,170.448929,3175400
2014-08-27,193.029999,194.130005,191.559998,192.250000,169.795364,2190200
2014-08-28,191.470001,192.300003,190.660004,192.000000,169.574585,1503600
2014-08-29,192.279999,192.750000,191.139999,192.300003,169.839554,2909400
2014-09-02,192.679993,192.970001,190.929993,191.559998,169.185974,2679700
2014-09-03,192.389999,192.949997,191.860001,191.949997,169.530426,1822800
2014-09-04,191.690002,192.690002,190.059998,190.679993,168.408768,2865000
2014-09-05,190.529999,191.750000,190.089996,191.199997,168.867996,2260200
2014-09-08,190.750000,191.199997,189.509995,190.139999,167.931839,2524200
2014-09-09,190.339996,190.740005,189.779999,189.990005,167.799362,2403600
2014-09-10,190.119995,192.149994,190.100006,191.539993,169.168289,2764000
2014-09-11,191.080002,192.779999,190.119995,191.720001,169.327286,2298500
2014-09-12,191.470001,191.600006,190.570007,191.279999,168.938675,2901000
2014-09-15,191.419998,192.490005,190.580002,191.809998,169.406769,2456400
2014-09-16,191.250000,193.570007,190.820007,192.960007,170.422470,2561500
2014-09-17,193.220001,193.639999,192.300003,192.800003,170.281158,3210800
2014-09-18,192.789993,194.130005,192.710007,193.750000,171.120193,2963300
2014-09-19,194.539993,195.000000,193.190002,194.000000,171.341003,8852000
2014-09-22,193.720001,194.139999,192.630005,193.110001,170.554932,3318000
2014-09-23,192.750000,193.070007,191.520004,191.619995,169.238953,3301800
2014-09-24,191.000000,192.449997,189.880005,192.309998,169.848389,3082600
2014-09-25,192.050003,192.500000,188.970001,189.009995,166.933838,4151400
2014-09-26,188.929993,190.330002,188.610001,190.059998,167.861160,2493900
2014-09-29,188.509995,189.960007,188.119995,189.639999,167.490234,2336300
2014-09-30,189.639999,190.850006,189.149994,189.830002,167.658020,2932600
2014-10-01,189.910004,190.399994,186.789993,187.169998,165.308685,3723200
2014-10-02,187.660004,187.779999,186.240005,186.910004,165.079117,2283100
2014-10-03,188.110001,189.369995,187.559998,188.669998,166.633514,3071500
2014-10-06,189.690002,190.889999,188.710007,189.039993,166.960281,2099500
2014-10-07,187.770004,188.119995,185.539993,185.710007,164.019257,2991300
2014-10-08,185.970001,189.600006,185.610001,189.360001,167.242920,2984800
2014-10-09,189.119995,189.500000,186.089996,186.419998,164.646317,2625400
2014-10-10,185.860001,187.740005,185.100006,185.929993,164.213547,5090200
2014-10-13,185.490005,186.649994,183.419998,183.520004,162.085022,3596700
2014-10-14,184.889999,185.720001,183.589996,183.800003,162.332336,3924700
2014-10-15,182.460007,183.789993,178.750000,181.750000,160.521790,6895800
2014-10-16,179.800003,181.479996,178.690002,179.839996,158.834839,5578600
2014-10-17,181.240005,182.839996,180.220001,182.050003,160.786743,4350200
2014-10-20,166.850006,170.330002,166.690002,169.100006,149.349274,23416500
2014-10-21,166.399994,166.679993,161.679993,163.229996,144.164871,20949800
2014-10-22,162.410004,165.410004,161.100006,161.789993,142.893082,11084800
2014-10-23,162.119995,162.830002,161.539993,162.179993,143.237534,7599400
2014-10-24,162.080002,162.440002,161.449997,162.080002,143.149231,6652100
2014-10-27,162.000000,162.910004,161.809998,161.869995,142.963730,4989100
2014-10-28,162.000000,163.600006,161.800003,163.600006,144.491653,7895300
2014-10-29,164.330002,164.619995,162.759995,163.460007,144.368027,4739300
2014-10-30,163.500000,164.619995,163.020004,164.350006,145.154068,3896000
2014-10-31,165.479996,165.589996,163.619995,164.399994,145.198242,5818000
2014-11-03,164.250000,164.539993,163.380005,164.360001,145.162903,4688200
2014-11-04,164.339996,164.360001,162.240005,162.649994,143.652649,4246900
2014-11-05,163.130005,163.539993,161.559998,161.820007,142.919571,4104700
2014-11-06,161.279999,161.529999,160.050003,161.460007,143.577637,4067600
2014-11-07,161.419998,162.210007,160.850006,162.070007,144.120071,3494800
2014-11-10,161.899994,164.470001,161.610001,163.490005,145.382782,4958200
2014-11-11,163.699997,163.899994,162.600006,163.300003,145.213821,3534400
2014-11-12,162.279999,163.000000,161.759995,161.919998,143.986664,3378200
2014-11-13,162.000000,162.800003,161.800003,162.789993,144.760315,3239700
2014-11-14,162.100006,164.490005,161.690002,164.160004,145.978577,4978400
2014-11-17,164.160004,164.970001,163.720001,164.160004,145.978577,4798900
2014-11-18,164.729996,164.750000,161.889999,161.889999,143.960007,5410100
2014-11-19,162.050003,162.100006,160.960007,161.429993,143.550934,3802600
2014-11-20,160.949997,161.500000,159.800003,160.639999,142.848434,4183100
2014-11-21,161.830002,161.949997,160.750000,160.919998,143.097443,4076900
2014-11-24,161.539993,163.860001,161.059998,162.149994,144.191177,6619000
2014-11-25,162.649994,163.500000,161.559998,161.759995,143.844376,4062400
2014-11-26,161.929993,162.100006,161.009995,161.949997,144.013336,3966000
2014-11-28,162.750000,163.369995,161.440002,162.169998,144.209000,2405500
2014-12-01,161.639999,163.320007,161.350006,161.539993,143.648727,4168400
2014-12-02,162.470001,162.729996,161.639999,162.669998,144.653595,3465700
2014-12-03,162.470001,164.520004,162.000000,164.520004,146.298737,6429100
2014-12-04,164.009995,164.500000,163.009995,164.050003,145.880768,3859400
2014-12-05,163.610001,164.500000,162.910004,163.270004,145.187164,3013500
2014-12-08,163.289993,163.289993,161.539993,161.860001,143.933304,2851000
2014-12-09,160.839996,163.020004,160.800003,162.990005,144.938156,3861200
2014-12-10,163.009995,163.330002,160.029999,160.509995,142.732819,4072800
2014-12-11,160.820007,162.929993,160.520004,161.070007,143.230820,3989600
2014-12-12,160.250000,160.500000,155.330002,155.380005,138.171021,8611700
2014-12-15,155.929993,156.740005,152.839996,153.059998,136.107941,6500300
2014-12-16,152.029999,154.889999,150.500000,151.410004,134.640701,6782600
2014-12-17,151.520004,153.309998,151.110001,151.929993,135.103088,5131000
2014-12-18,153.580002,157.679993,153.300003,157.679993,140.216278,7302400
2014-12-19,157.490005,160.410004,157.490005,158.509995,140.954346,8864900
2014-12-22,158.330002,161.910004,158.330002,161.440002,143.559875,4682500
2014-12-23,162.229996,162.899994,161.610001,162.240005,144.271240,4043300
2014-12-24,162.880005,162.990005,161.610001,161.820007,143.897736,1868100
2014-12-26,162.270004,163.089996,162.009995,162.339996,144.360153,1912200
2014-12-29,162.000000,162.339996,159.449997,160.509995,142.732819,3331800
2014-12-30,160.020004,160.820007,159.789993,160.050003,142.323761,2829900
2014-12-31,160.410004,161.500000,160.380005,160.440002,142.670563,4011900
2015-01-02,161.309998,163.309998,161.000000,162.059998,144.111176,5525500
2015-01-05,161.270004,161.270004,159.190002,159.509995,141.843567,4880400
2015-01-06,159.669998,159.960007,155.169998,156.070007,138.784607,6146700
2015-01-07,157.199997,157.199997,154.029999,155.050003,137.877548,4701800
2015-01-08,156.240005,159.039993,155.550003,158.419998,140.874329,4236800
2015-01-09,158.419998,160.339996,157.250000,159.110001,141.487915,4484800
2015-01-12,159.000000,159.250000,155.759995,156.440002,139.113617,4182800
2015-01-13,157.259995,159.970001,155.679993,156.809998,139.442627,4377500
2015-01-14,154.860001,156.490005,153.740005,155.800003,138.544495,4690300
2015-01-15,156.690002,156.970001,154.160004,154.570007,137.450729,4248400
2015-01-16,153.820007,157.630005,153.820007,157.139999,139.736069,5756000
2015-01-20,156.699997,157.330002,154.029999,156.949997,139.567123,8017800
2015-01-21,153.029999,154.500000,151.070007,152.089996,135.245392,11897100
2015-01-22,151.940002,155.720001,151.759995,155.389999,138.179901,6120100
2015-01-23,155.029999,157.600006,154.889999,155.869995,138.606735,4812200
2015-01-26,158.259995,159.460007,155.770004,156.360001,139.042496,7888100
2015-01-27,154.940002,155.089996,152.589996,153.669998,136.650375,5659600
2015-01-28,154.000000,154.529999,151.550003,151.550003,134.765182,4495900
2015-01-29,151.380005,155.580002,149.520004,155.479996,138.259933,8320800
2015-01-30,153.910004,155.240005,153.039993,153.309998,136.330261,6563600
2015-02-02,154.000000,154.660004,151.509995,154.660004,137.530762,4712200
2015-02-03,154.750000,158.600006,154.750000,158.470001,140.918777,5536300
2015-02-04,157.210007,158.710007,156.699997,156.960007,139.576004,3678500
2015-02-05,157.289993,158.589996,157.149994,157.910004,140.420792,5253600
2015-02-06,157.339996,158.080002,156.229996,156.720001,140.340210,3225000
2015-02-09,156.000000,157.500000,155.399994,155.750000,139.471588,3057700
2015-02-10,156.740005,158.559998,155.080002,158.559998,141.987885,4440600
2015-02-11,157.759995,159.089996,157.169998,158.199997,141.665527,3626700
2015-02-12,158.720001,159.500000,158.089996,158.520004,141.952087,3333100
2015-02-13,158.779999,160.800003,158.639999,160.399994,143.635590,3706900
2015-02-17,159.750000,161.410004,159.729996,160.960007,144.137054,2894500
2015-02-18,161.860001,162.470001,160.639999,162.190002,145.238525,4353700
2015-02-19,162.050003,164.490005,161.440002,163.889999,146.760803,3504400
2015-02-20,163.639999,164.339996,162.089996,163.649994,146.545898,3353000
2015-02-23,164.229996,164.399994,162.500000,162.910004,145.883255,2714400
2015-02-24,162.490005,164.990005,161.509995,164.830002,147.602570,4047200
2015-02-25,164.940002,164.960007,162.580002,162.809998,145.793716,4004600
2015-02-26,163.740005,164.139999,159.770004,160.869995,144.056458,7110800
2015-02-27,160.869995,162.289993,160.160004,161.940002,145.014633,4410000
2015-03-02,161.940002,161.940002,159.809998,160.479996,143.707214,5917900
2015-03-03,160.270004,161.750000,160.000000,161.029999,144.199738,3234400
2015-03-04,160.539993,160.559998,158.720001,159.419998,142.758011,3630500
2015-03-05,159.860001,161.500000,159.699997,161.179993,144.334061,3791700
2015-03-06,160.190002,161.440002,158.059998,158.500000,141.934158,4540200
2015-03-09,158.199997,161.149994,158.199997,160.770004,143.966934,5193900
2015-03-10,159.600006,160.229996,157.809998,157.809998,141.316284,4593300
2015-03-11,158.570007,159.139999,155.940002,156.800003,140.411835,5709900
2015-03-12,156.270004,158.720001,156.270004,157.979996,141.468521,4567300
2015-03-13,157.460007,157.520004,153.399994,154.279999,138.155243,6064100
2015-03-16,155.050003,157.089996,154.800003,157.080002,140.662552,3749600
2015-03-17,156.199997,157.289993,155.369995,156.960007,140.555099,3311700
2015-03-18,156.850006,160.699997,155.800003,159.809998,143.107254,5729500
2015-03-19,159.699997,160.919998,158.809998,159.809998,143.107254,3878600
2015-03-20,160.949997,163.000000,160.350006,162.880005,145.856384,9006400
2015-03-23,162.770004,165.350006,162.729996,164.630005,147.423492,5924100
2015-03-24,164.789993,164.889999,162.899994,163.000000,145.963821,4346100
2015-03-25,163.080002,163.080002,159.199997,159.199997,142.561020,5428900
2015-03-26,159.270004,161.250000,158.910004,160.589996,143.805695,4396000
2015-03-27,160.789993,160.899994,159.229996,160.399994,143.635590,3439800
2015-03-30,161.309998,163.600006,161.250000,162.669998,145.668335,4138000
2015-03-31,161.080002,162.330002,160.399994,160.500000,143.725159,4255400
2015-04-01,160.229996,160.619995,158.389999,159.179993,142.543106,3687800
2015-04-02,159.520004,162.539993,158.889999,160.449997,143.680344,4671600
2015-04-06,159.690002,162.800003,158.699997,162.039993,145.104202,3465700
2015-04-07,161.669998,163.839996,161.619995,162.070007,145.131042,3148000
2015-04-08,161.720001,163.550003,161.009995,161.850006,144.934067,2524300
2015-04-09,161.699997,162.470001,160.720001,162.339996,145.372818,2263500
2015-04-10,162.339996,163.330002,161.250000,162.860001,145.838470,2515700
2015-04-13,162.369995,164.000000,162.360001,162.380005,145.408676,3868900
2015-04-14,162.419998,162.740005,160.789993,162.300003,145.337006,2716200
2015-04-15,162.630005,164.960007,162.500000,164.130005,146.975754,3498800
2015-04-16,163.309998,163.979996,162.539993,163.130005,146.080246,3136900
2015-04-17,161.750000,161.860001,160.029999,160.669998,143.877365,4314400
2015-04-20,162.100006,166.639999,161.899994,166.160004,148.793594,9323000
2015-04-21,166.070007,167.380005,164.050003,164.259995,147.092148,9683600
2015-04-22,164.389999,166.000000,162.889999,165.360001,148.077179,4024800
2015-04-23,165.229996,171.910004,165.139999,170.240005,152.447159,8235600
2015-04-24,170.229996,170.850006,168.740005,169.779999,152.035233,3888400
2015-04-27,170.889999,171.490005,170.300003,170.729996,152.885925,3168600
2015-04-28,170.830002,174.690002,170.020004,173.919998,155.742523,5816700
2015-04-29,173.399994,175.130005,172.800003,174.399994,156.172363,4518400
2015-04-30,173.770004,174.279999,170.300003,171.289993,153.387405,5062900
2015-05-01,173.199997,174.000000,172.419998,173.669998,155.518646,3312100
2015-05-04,174.470001,176.300003,173.699997,173.970001,155.787292,4028000
2015-05-05,173.509995,174.229996,171.960007,173.080002,154.990341,3593600
2015-05-06,172.899994,174.050003,168.860001,170.050003,153.429398,3612600
2015-05-07,169.630005,171.979996,169.039993,170.990005,154.277512,2472000
2015-05-08,172.940002,173.330002,172.240005,172.679993,155.802338,3092600
2015-05-11,172.649994,172.990005,170.860001,171.119995,154.394791,2661000
2015-05-12,170.550003,171.490005,168.839996,170.550003,153.880524,2962400
2015-05-13,171.240005,172.740005,170.750000,172.279999,155.441437,2457500
2015-05-14,173.500000,174.399994,173.220001,174.050003,157.038452,2439100
2015-05-15,173.910004,174.410004,172.600006,173.259995,156.325668,2916600
2015-05-18,173.440002,173.490005,172.300003,173.059998,156.145203,1923600
2015-05-19,172.970001,173.750000,171.929993,173.479996,156.524155,2523000
2015-05-20,173.330002,174.440002,172.460007,173.759995,156.776794,2300300
2015-05-21,173.320007,174.139999,173.039993,173.339996,156.397842,2295600
2015-05-22,173.039993,173.389999,172.190002,172.220001,155.387314,2849700
2015-05-26,172.110001,172.119995,169.130005,170.130005,153.501572,3854200
2015-05-27,171.160004,172.479996,170.490005,172.000000,155.188797,2764400
2015-05-28,171.449997,171.839996,170.660004,171.710007,154.927170,1731400
2015-05-29,171.350006,171.350006,169.649994,169.649994,153.068481,3996000
2015-06-01,170.210007,171.039993,169.029999,170.179993,153.546692,2985500
2015-06-02,169.660004,170.449997,168.429993,169.649994,153.068481,2571400
2015-06-03,170.500000,171.559998,169.630005,169.919998,153.312119,2131000
2015-06-04,169.529999,170.600006,167.929993,168.380005,151.922607,3079300
2015-06-05,168.250000,168.910004,167.199997,167.399994,151.038422,3100500
2015-06-08,167.169998,167.279999,165.020004,165.339996,149.179749,3757400
2015-06-09,165.339996,166.020004,163.369995,165.679993,149.486511,3395900
2015-06-10,166.490005,169.389999,166.059998,168.919998,152.409851,4680500
2015-06-11,169.259995,170.440002,168.539993,168.779999,152.283554,3464000
2015-06-12,168.229996,168.300003,166.690002,166.990005,150.668488,3065100
2015-06-15,166.990005,166.990005,164.250000,166.259995,150.009827,4245700
2015-06-16,166.330002,167.399994,165.910004,166.839996,150.533142,3249800
2015-06-17,167.000000,167.850006,166.100006,167.169998,150.830887,2863000
2015-06-18,167.050003,168.720001,167.050003,168.250000,151.805344,3330900
2015-06-19,167.619995,168.419998,166.770004,166.990005,150.668488,7074000
2015-06-22,167.649994,168.339996,167.199997,167.729996,151.336151,2335800
2015-06-23,168.380005,169.970001,167.570007,168.619995,152.139160,3701600
2015-06-24,168.710007,168.839996,166.830002,166.970001,150.650452,3548100
2015-06-25,167.800003,168.130005,166.080002,166.080002,149.847443,2408900
2015-06-26,166.229996,166.809998,165.229996,165.460007,149.288040,8946000
2015-06-29,163.919998,165.350006,162.889999,162.970001,147.041382,3314700
2015-06-30,163.990005,164.000000,162.119995,162.660004,146.761703,3597300
2015-07-01,163.970001,165.610001,163.600006,164.490005,148.412827,3214500
2015-07-02,165.050003,165.320007,164.419998,165.089996,148.954178,2852700
2015-07-06,163.830002,165.229996,163.520004,164.729996,148.629379,3079800
2015-07-07,164.940002,165.350006,162.229996,165.000000,148.872986,3549900
2015-07-08,164.000000,164.940002,162.679993,163.160004,147.212830,2776300
2015-07-09,165.339996,165.509995,163.699997,163.850006,147.835403,4199700
2015-07-10,165.660004,167.399994,165.520004,166.949997,150.632385,4538300
2015-07-13,167.929993,169.889999,167.520004,169.380005,152.824890,4229000
2015-07-14,169.429993,169.539993,168.240005,168.610001,152.130157,3025300
2015-07-15,168.479996,169.270004,168.000000,168.529999,152.057983,1998000
2015-07-16,169.470001,171.089996,169.160004,171.000000,154.286560,3529900
2015-07-17,170.330002,172.520004,170.100006,172.509995,155.648956,4356400
2015-07-20,172.789993,173.779999,172.139999,173.220001,156.289581,7377800
2015-07-21,164.339996,166.350006,162.020004,163.070007,147.131653,13752300
2015-07-22,162.729996,163.070007,159.699997,160.350006,144.677475,7181800
2015-07-23,160.270004,162.750000,159.830002,161.729996,145.922607,5034200
2015-07-24,161.289993,161.929993,159.410004,159.750000,144.136108,3778200
2015-07-27,159.000000,160.179993,158.600006,159.070007,143.522614,3706200
2015-07-28,159.910004,160.190002,158.500000,160.050003,144.406830,2721000
2015-07-29,160.000000,161.500000,159.389999,161.089996,145.345169,3378400
2015-07-30,160.500000,161.399994,159.750000,160.960007,145.227829,1994700
2015-07-31,161.399994,162.059998,160.630005,161.990005,146.157211,3580200
2015-08-03,161.699997,161.850006,157.899994,158.710007,143.197784,4615700
2015-08-04,158.399994,158.820007,156.869995,157.600006,142.196274,5260600
2015-08-05,159.100006,159.539993,157.479996,157.899994,142.466919,3472800
2015-08-06,157.130005,157.539993,156.179993,156.320007,142.212189,3004800
2015-08-07,155.889999,156.250000,154.339996,155.119995,141.120499,3794900
2015-08-10,156.770004,157.470001,156.119995,156.750000,142.603409,4613400
2015-08-11,155.960007,155.990005,154.860001,155.509995,141.475311,3143300
2015-08-12,154.259995,156.520004,153.949997,156.160004,142.066650,3560300
2015-08-13,156.059998,156.089996,154.320007,155.070007,141.075027,2533400
2015-08-14,155.000000,156.210007,154.580002,155.750000,141.693665,3220300
2015-08-17,155.199997,156.690002,154.699997,156.309998,142.203094,2249600
2015-08-18,155.509995,156.520004,155.250000,156.009995,141.930191,2018300
2015-08-19,155.149994,155.669998,153.410004,153.940002,140.047012,4206400
2015-08-20,152.740005,153.910004,152.500000,152.660004,138.882538,4011500
2015-08-21,151.500000,153.190002,148.699997,148.850006,135.416367,7362100
2015-08-24,143.470001,147.759995,143.000000,143.470001,130.521881,10189700
2015-08-25,146.940002,147.110001,140.619995,140.960007,128.238464,7073200
2015-08-26,144.089996,146.979996,142.139999,146.699997,133.460434,6221800
2015-08-27,148.500000,148.970001,145.660004,148.539993,135.134354,4976600
2015-08-28,147.750000,148.199997,147.179993,147.979996,134.624893,4076300
2015-08-31,147.380005,148.399994,146.259995,147.889999,134.543015,4062600
2015-09-01,144.910004,144.979996,141.850006,142.679993,129.803223,5272000
2015-09-02,144.740005,145.080002,143.179993,145.050003,131.959351,4252000
2015-09-03,146.050003,148.029999,145.770004,146.779999,133.533157,3603500
2015-09-04,144.570007,145.399994,143.320007,143.699997,130.731155,4201100
2015-09-08,145.860001,147.339996,145.660004,147.229996,133.942581,3933300
2015-09-09,148.740005,149.039993,144.850006,145.050003,131.959351,3380000
2015-09-10,145.850006,147.160004,144.509995,146.199997,133.005524,3461700
2015-09-11,145.910004,147.500000,145.669998,147.369995,134.069946,3115100
2015-09-14,147.369995,147.369995,145.410004,145.649994,132.505157,3226700
2015-09-15,146.600006,147.929993,145.759995,147.529999,134.215500,2709500
2015-09-16,147.839996,148.889999,147.539993,148.410004,135.016098,2799200
2015-09-17,148.100006,149.679993,147.300003,148.139999,134.770493,4003000
2015-09-18,146.050003,146.389999,143.979996,144.509995,131.468048,7776500
2015-09-21,145.389999,146.979996,144.919998,146.479996,133.260254,3825000
2015-09-22,144.619995,145.059998,143.770004,144.429993,131.395279,3564100
2015-09-23,144.210007,144.570007,142.750000,143.660004,130.694794,2674200
2015-09-24,142.600006,145.070007,141.949997,144.410004,131.377090,3280300
2015-09-25,145.550003,146.270004,144.529999,145.419998,132.295914,3474400
2015-09-28,144.419998,145.380005,142.470001,142.520004,129.657623,4317300
2015-09-29,141.990005,142.660004,141.149994,142.470001,129.612167,4763500
2015-09-30,143.690002,145.710007,143.660004,144.970001,131.886551,3923900
2015-10-01,145.309998,145.669998,141.589996,143.589996,130.631088,3880900
2015-10-02,141.050003,144.589996,140.559998,144.580002,131.531754,3054400
2015-10-05,145.820007,149.889999,145.820007,149.039993,135.589218,5131800
2015-10-06,149.059998,150.149994,148.490005,148.779999,135.352661,3018100
2015-10-07,150.039993,150.729996,148.860001,150.089996,136.544464,2980800
2015-10-08,149.690002,153.020004,149.289993,152.279999,138.536835,4794400
2015-10-09,152.460007,153.149994,151.270004,152.389999,138.636871,3531100
2015-10-12,152.399994,152.580002,150.850006,151.139999,137.499710,3227600
2015-10-13,150.779999,150.779999,149.179993,149.619995,136.116867,3915700
2015-10-14,149.600006,150.649994,149.020004,150.009995,136.471680,3353000
2015-10-15,150.910004,151.240005,148.580002,150.089996,136.544464,3476200
2015-10-16,150.449997,151.199997,149.259995,150.389999,136.817368,3483700
2015-10-19,149.850006,149.970001,148.380005,149.220001,135.752975,7954700
2015-10-20,142.490005,142.880005,140.270004,140.639999,127.947319,15928800
2015-10-21,140.250000,142.660004,139.300003,140.919998,128.202042,6990600
2015-10-22,141.740005,145.070007,141.619995,144.089996,131.085968,5583200
2015-10-23,144.610001,145.490005,143.699997,144.679993,131.622726,5370400
2015-10-26,144.750000,145.000000,143.210007,143.660004,130.694794,3489400
2015-10-27,143.509995,143.830002,137.330002,137.860001,125.418205,15008500
2015-10-28,137.919998,141.229996,137.500000,140.830002,128.120163,8511400
2015-10-29,140.360001,140.820007,139.020004,140.550003,127.865440,3702500
2015-10-30,140.440002,141.330002,139.899994,140.080002,127.437874,3984000
2015-11-02,140.500000,140.520004,139.570007,140.369995,127.701675,3822200
2015-11-03,140.020004,142.800003,139.899994,141.880005,129.075424,4349400
2015-11-04,142.550003,142.649994,141.300003,141.630005,128.847977,3507600
2015-11-05,141.610001,142.380005,139.630005,139.889999,127.265015,5096900
2015-11-06,138.600006,139.550003,137.869995,138.250000,126.952782,4744900
2015-11-09,137.919998,138.080002,134.880005,135.309998,124.253029,8075600
2015-11-10,135.360001,135.740005,134.119995,135.470001,124.399963,4520800
2015-11-11,136.089996,136.199997,134.500000,135.020004,123.986740,3164800
2015-11-12,134.699997,134.699997,133.009995,133.039993,122.168510,4701400
2015-11-13,132.949997,133.000000,131.649994,131.750000,120.983955,4613800
2015-11-16,131.789993,134.089996,131.789993,133.710007,122.783783,4190800
2015-11-17,134.220001,134.820007,133.309998,133.820007,122.884796,2815100
2015-11-18,134.789993,135.910004,134.259995,135.820007,124.721367,4149200
2015-11-19,136.210007,137.740005,136.009995,136.740005,125.566170,4753600
2015-11-20,137.369995,138.919998,137.250000,138.500000,127.182365,5176400
2015-11-23,138.529999,138.869995,137.119995,138.460007,127.145630,5137900
2015-11-24,137.649994,139.339996,137.309998,138.600006,127.274200,3407700
2015-11-25,138.369995,138.429993,137.380005,138.000000,126.723236,3238200
2015-11-27,138.000000,138.809998,137.210007,138.460007,127.145630,1415800
2015-11-30,138.610001,139.899994,138.520004,139.419998,128.027191,4545600
2015-12-01,139.580002,141.399994,139.580002,141.279999,129.735199,4195100
2015-12-02,140.929993,141.210007,139.500000,139.699997,128.284302,3725400
2015-12-03,140.100006,140.729996,138.190002,138.919998,127.568031,5909600
2015-12-04,138.089996,141.020004,137.990005,140.429993,128.954651,4571600
2015-12-07,140.160004,140.410004,138.809998,139.550003,128.146545,3279400
2015-12-08,138.279999,139.059998,137.529999,138.050003,126.769119,3905200
2015-12-09,137.380005,139.839996,136.229996,136.610001,125.446808,4615000
2015-12-10,137.029999,137.850006,135.720001,136.779999,125.602905,4754800
2015-12-11,135.229996,135.440002,133.910004,134.570007,123.573502,5333800
2015-12-14,135.309998,136.139999,134.020004,135.929993,124.822357,5103800
2015-12-15,137.399994,138.970001,137.279999,137.789993,126.530396,4238500
2015-12-16,139.119995,139.649994,137.789993,139.289993,127.907806,4345500
2015-12-17,139.350006,139.500000,136.309998,136.750000,125.575356,4089500
2015-12-18,136.410004,136.960007,134.270004,134.899994,123.876541,10026100
2015-12-21,135.830002,135.830002,134.020004,135.500000,124.427521,5617500
2015-12-22,135.880005,138.190002,135.649994,137.929993,126.658951,4081000
2015-12-23,138.300003,139.309998,138.110001,138.539993,127.219093,5164900
2015-12-24,138.429993,138.880005,138.110001,138.250000,126.952782,1495200
2015-12-28,137.740005,138.039993,136.539993,137.610001,126.365089,3106900
2015-12-29,138.250000,140.059998,138.199997,139.779999,128.357773,3943700
2015-12-30,139.580002,140.440002,139.220001,139.339996,127.953728,2989400
2015-12-31,139.070007,139.100006,137.570007,137.619995,126.374252,3462100
2016-01-04,135.600006,135.970001,134.240005,135.949997,124.840752,5229400
2016-01-05,136.759995,136.889999,134.850006,135.850006,124.748917,3924800
2016-01-06,134.380005,135.580002,133.619995,135.169998,124.124474,4310900
2016-01-07,133.699997,135.020004,132.429993,132.860001,122.003250,7025800
2016-01-08,133.179993,133.820007,131.320007,131.630005,120.873756,4762700
2016-01-11,131.809998,133.820007,131.759995,133.229996,122.342987,4967000
2016-01-12,133.649994,133.779999,131.130005,132.899994,122.039970,5078700
2016-01-13,133.500000,134.279999,131.100006,131.169998,120.451332,4700100
2016-01-14,131.929993,133.789993,131.220001,132.910004,122.049171,5709600
2016-01-15,130.009995,130.880005,128.869995,130.029999,119.404488,9008500
2016-01-19,130.110001,132.100006,128.059998,128.110001,117.641388,9979600
2016-01-20,118.459999,123.989998,118.000000,121.860001,111.902115,16157800
2016-01-21,121.300003,125.099998,120.580002,122.910004,112.866325,8851600
2016-01-22,124.669998,124.739998,121.769997,122.500000,112.489807,9238400
2016-01-25,122.099998,124.230003,121.639999,122.080002,112.104149,5446000
2016-01-26,122.250000,123.610001,122.239998,122.589996,112.572464,4613700
2016-01-27,122.730003,123.370003,120.650002,120.959999,111.075638,5026400
2016-01-28,121.260002,122.830002,121.010002,122.220001,112.232697,3942500
2016-01-29,123.279999,124.790001,122.959999,124.790001,114.592690,8248100
2016-02-01,124.400002,125.290001,123.709999,124.830002,114.629425,3574900
2016-02-02,123.669998,124.139999,122.639999,122.940002,112.893867,3287300
2016-02-03,123.989998,125.449997,122.290001,124.720001,114.528404,6223500
2016-02-04,125.080002,128.500000,125.000000,127.650002,117.218979,5195800
2016-02-05,127.220001,128.639999,125.849998,128.570007,118.063828,7177700
2016-02-08,126.000000,127.510002,124.129997,126.980003,117.794785,7364000
2016-02-09,126.120003,126.930000,123.769997,124.070000,115.095276,5922600
2016-02-10,125.000000,125.290001,119.839996,120.190002,111.495949,6469100
2016-02-11,118.779999,119.660004,116.900002,117.849998,109.325203,7307600
2016-02-12,119.260002,121.050003,118.349998,121.040001,112.284462,4936500
2016-02-16,121.830002,123.089996,121.339996,122.739998,113.861473,4061400
2016-02-17,123.709999,126.570000,123.250000,126.099998,116.978432,4821000
2016-02-18,130.000000,134.000000,129.750000,132.449997,122.869087,9951600
2016-02-19,132.360001,133.649994,130.839996,133.080002,123.453537,5125300
2016-02-22,133.080002,134.309998,132.410004,133.770004,124.093636,4457400
2016-02-23,133.139999,133.410004,132.009995,132.399994,122.822701,3439700
2016-02-24,131.550003,133.490005,129.679993,132.800003,123.193802,4122600
2016-02-25,133.289993,134.509995,130.880005,134.500000,124.770813,4353600
2016-02-26,134.509995,134.919998,131.949997,132.029999,122.479485,4386200
2016-02-29,132.000000,133.360001,130.899994,131.029999,121.551796,4428000
2016-03-01,132.240005,134.639999,132.029999,134.369995,124.650200,3788500
2016-03-02,133.699997,137.440002,133.220001,136.300003,126.440598,5217200
2016-03-03,137.220001,137.960007,136.070007,137.800003,127.832123,5141200
2016-03-04,137.539993,139.419998,137.020004,137.800003,127.832123,3968400
2016-03-07,137.279999,140.509995,136.869995,140.149994,130.012100,5171000
2016-03-08,139.710007,140.350006,137.419998,139.070007,129.010254,5579100
2016-03-09,139.309998,142.169998,139.229996,140.410004,130.253311,4406500
2016-03-10,141.240005,141.470001,138.089996,140.190002,130.049210,4009600
2016-03-11,141.729996,142.919998,140.509995,142.360001,132.062256,4421900
2016-03-14,142.009995,143.190002,141.039993,142.779999,132.451859,4048800
2016-03-15,141.740005,143.330002,141.539993,142.960007,132.618835,3707500
2016-03-16,142.619995,144.880005,142.110001,144.789993,134.316467,4221900
2016-03-17,144.779999,147.320007,144.449997,147.039993,136.403717,5821600
2016-03-18,147.399994,147.509995,145.509995,147.089996,136.450073,12089700
2016-03-21,147.300003,148.710007,146.720001,148.630005,137.878693,3721600
2016-03-22,148.059998,149.279999,147.839996,148.100006,137.387070,4081900
2016-03-23,148.000000,148.029999,145.130005,145.399994,134.882370,4764200
2016-03-24,144.979996,148.220001,144.490005,147.949997,137.247894,5044500
2016-03-28,147.750000,148.649994,147.229996,148.399994,137.665329,3265100
2016-03-29,147.589996,149.759995,147.500000,149.330002,138.528046,3116400
2016-03-30,149.949997,150.410004,148.320007,148.410004,137.674622,3331200
2016-03-31,149.789993,153.100006,149.360001,151.449997,140.494705,6780600
2016-04-01,150.509995,152.960007,150.250000,152.520004,141.487305,3925500
2016-04-04,152.339996,153.520004,151.910004,152.070007,141.069885,3931200
2016-04-05,151.429993,151.600006,149.649994,150.000000,139.149582,3337000
2016-04-06,149.899994,150.149994,147.809998,150.020004,139.168167,4152300
2016-04-07,149.070007,149.600006,148.000000,148.250000,137.526199,3663000
2016-04-08,149.059998,149.990005,148.119995,149.350006,138.546631,3293800
2016-04-11,150.259995,151.949997,149.220001,149.250000,138.453827,3846100
2016-04-12,149.610001,150.110001,148.580002,149.630005,138.806351,3507100
2016-04-13,150.750000,151.229996,149.630005,151.229996,140.290619,3168400
2016-04-14,151.500000,152.759995,150.380005,151.160004,140.225693,3158400
2016-04-15,151.039993,152.100006,150.960007,151.720001,140.745193,3657600
2016-04-18,151.720001,153.139999,151.490005,152.529999,141.496597,5737700
2016-04-19,146.470001,146.949997,142.610001,144.000000,133.583633,13190200
2016-04-20,144.240005,147.199997,144.000000,146.110001,135.540970,6754300
2016-04-21,146.580002,150.119995,146.460007,149.300003,138.500214,6017700
2016-04-22,149.440002,151.000000,147.500000,148.500000,137.758118,5191900
2016-04-25,148.160004,148.899994,147.110001,148.809998,138.045685,2848900
2016-04-26,148.649994,149.789993,147.899994,149.080002,138.296173,2979800
2016-04-27,149.350006,150.779999,148.970001,150.470001,139.585602,3111200
2016-04-28,149.750000,150.179993,146.729996,147.070007,136.431534,3791500
2016-04-29,146.490005,147.339996,144.190002,145.940002,135.383286,4225800
2016-05-02,146.559998,147.000000,144.429993,145.270004,134.761765,3502400
2016-05-03,144.649994,144.899994,142.899994,144.130005,133.704224,3584300
2016-05-04,143.360001,145.000000,143.309998,144.250000,133.815536,2577100
2016-05-05,145.949997,147.300003,145.449997,146.470001,135.874954,6501200
2016-05-06,144.860001,147.970001,144.470001,147.289993,137.954239,4895800
2016-05-09,147.699997,148.199997,147.009995,147.339996,138.001083,4302400
2016-05-10,148.240005,150.039993,147.740005,149.970001,140.464340,3982400
2016-05-11,149.710007,151.089996,148.740005,148.949997,139.509018,3093000
2016-05-12,149.210007,149.389999,147.110001,148.839996,139.406006,3249200
2016-05-13,148.789993,149.860001,147.419998,147.720001,138.357010,2398000
2016-05-16,147.649994,149.990005,147.440002,149.460007,139.986679,3069100
2016-05-17,149.210007,149.500000,147.289993,148.000000,138.619232,3490600
2016-05-18,147.990005,148.520004,146.360001,147.339996,138.001083,2491100
2016-05-19,146.479996,146.929993,143.960007,144.929993,135.743805,3685600
2016-05-20,145.710007,147.509995,145.550003,147.250000,137.916779,3671500
2016-05-23,147.610001,147.949997,146.660004,146.770004,137.467209,2086600
2016-05-24,146.880005,148.750000,146.880005,148.309998,138.909576,2929300
2016-05-25,148.929993,152.089996,148.500000,151.690002,142.075363,4355300
2016-05-26,151.550003,152.509995,151.050003,152.440002,142.777817,3023100
2016-05-27,152.350006,152.929993,152.149994,152.839996,143.152451,2457100
2016-05-31,152.559998,153.809998,152.270004,153.740005,143.995438,5836600
2016-06-01,153.000000,153.270004,151.539993,152.509995,142.843369,2663400
2016-06-02,152.589996,153.500000,152.119995,153.500000,143.770615,2635600
2016-06-03,152.399994,153.039993,151.699997,152.889999,143.199295,2328300
2016-06-06,153.089996,153.949997,152.339996,152.729996,143.049408,2378700
2016-06-07,153.309998,153.929993,152.660004,153.330002,143.611420,4465000
2016-06-08,153.529999,154.089996,153.039993,154.000000,144.238953,2935000
2016-06-09,152.919998,153.759995,152.729996,153.419998,143.695679,2021800
2016-06-10,152.789993,153.330002,151.860001,152.369995,142.712250,3120600
2016-06-13,151.630005,152.500000,150.279999,151.279999,141.691330,3610400
2016-06-14,151.279999,151.789993,150.399994,151.059998,141.485291,2865800
2016-06-15,151.460007,151.789993,150.600006,150.679993,141.129364,2260400
2016-06-16,150.190002,151.289993,149.000000,151.059998,141.485291,2449100
2016-06-17,150.960007,152.720001,150.600006,151.990005,142.356339,4663900
2016-06-20,152.600006,154.669998,152.520004,153.610001,143.873657,3572100
2016-06-21,154.160004,154.570007,153.690002,154.050003,144.285782,2760300
2016-06-22,153.750000,154.710007,152.270004,152.919998,143.227386,2833700
2016-06-23,153.449997,155.479996,152.600006,155.350006,145.503372,3969400
2016-06-24,149.970001,150.610001,146.179993,146.589996,137.298615,9082800
2016-06-27,146.179993,146.600006,142.500000,143.500000,134.404449,5017900
2016-06-28,144.779999,145.729996,144.220001,145.699997,136.465012,3997700
2016-06-29,146.500000,148.479996,146.449997,148.460007,139.050095,3367700
2016-06-30,148.860001,151.910004,148.669998,151.779999,142.159653,3967100
2016-07-01,151.779999,152.970001,151.399994,152.350006,142.693527,2658300
2016-07-05,151.190002,152.000000,150.759995,151.679993,142.065979,2465200
2016-07-06,151.850006,152.410004,149.919998,152.369995,142.712250,2569400
2016-07-07,152.750000,153.690002,151.889999,152.600006,142.927689,2133000
2016-07-08,154.000000,154.600006,153.080002,154.460007,144.669800,3040600
2016-07-11,154.600006,156.039993,154.500000,155.330002,145.484650,2833700
2016-07-12,156.000000,157.119995,155.520004,157.039993,147.086243,3843800
2016-07-13,157.750000,158.339996,157.059998,158.020004,148.004150,2746400
2016-07-14,158.809998,161.399994,158.580002,160.279999,150.120895,4637600
2016-07-15,159.899994,159.979996,158.500000,159.779999,149.652557,4476800
2016-07-18,159.300003,160.750000,158.729996,159.860001,149.727493,6729700
2016-07-19,161.779999,162.139999,157.889999,159.580002,149.465256,7120000
2016-07-20,159.970001,161.710007,159.600006,161.360001,151.132446,4376300
2016-07-21,160.750000,161.850006,159.889999,160.449997,150.280075,3518900
2016-07-22,160.779999,162.169998,160.479996,162.070007,151.797440,2520100
2016-07-25,162.000000,162.880005,161.750000,162.649994,152.340652,2804600
2016-07-26,162.649994,163.600006,161.369995,162.119995,151.844254,2894600
2016-07-27,162.119995,162.570007,161.179993,161.830002,151.572617,2151700
2016-07-28,161.380005,161.809998,160.710007,161.369995,151.141785,2340400
2016-07-29,161.360001,161.669998,160.029999,160.619995,150.439331,3547500
2016-08-01,160.649994,161.649994,159.839996,161.449997,151.216721,2823600
2016-08-02,161.270004,161.449997,160.360001,160.580002,150.401886,3080900
2016-08-03,160.130005,160.860001,159.800003,160.669998,150.486160,2861700
2016-08-04,160.860001,161.699997,160.119995,161.550003,151.310410,2242300
2016-08-05,162.000000,163.509995,161.570007,163.500000,153.136810,3812400
2016-08-08,162.729996,163.270004,161.580002,162.039993,153.080093,3039300
2016-08-09,162.220001,162.770004,161.649994,161.770004,152.825043,2737500
2016-08-10,162.190002,162.660004,161.960007,162.080002,153.117905,2466700
2016-08-11,162.250000,164.949997,162.179993,163.529999,154.487717,8658300
2016-08-12,163.190002,163.460007,161.520004,161.949997,152.995087,2543100
2016-08-15,162.399994,162.970001,161.779999,161.880005,152.928940,2970400
2016-08-16,161.110001,161.929993,160.690002,160.699997,151.814224,2210200
2016-08-17,160.970001,161.160004,159.839996,160.440002,151.568573,3225900
2016-08-18,160.889999,162.000000,160.440002,161.360001,152.437698,3652000
2016-08-19,160.839996,160.910004,159.520004,160.039993,151.190689,2815200
2016-08-22,160.000000,160.570007,159.130005,160.000000,151.152908,2039300
2016-08-23,160.330002,161.339996,160.229996,160.259995,151.398529,2838100
2016-08-24,159.889999,160.179993,158.320007,159.050003,150.255447,3645800
2016-08-25,159.000000,159.539993,158.419998,158.630005,149.858658,2575000
2016-08-26,158.880005,160.440002,157.850006,158.320007,149.565811,2498900
2016-08-29,158.830002,160.210007,158.500000,159.720001,150.888397,2443200
2016-08-30,159.759995,160.149994,158.809998,159.399994,150.586075,1813300
2016-08-31,159.660004,159.660004,158.259995,158.880005,150.094833,2323600
2016-09-01,158.320007,159.619995,158.100006,159.539993,150.718338,2358400
2016-09-02,159.880005,160.570007,159.149994,159.550003,150.727798,2315400
2016-09-06,159.880005,160.860001,159.110001,160.350006,151.483551,2994100
2016-09-07,160.190002,161.759995,160.000000,161.639999,152.702240,2867300
2016-09-08,160.550003,161.210007,158.759995,159.000000,150.208206,3919300
2016-09-09,158.029999,158.399994,155.649994,155.690002,147.081238,5186000
2016-09-12,155.259995,158.529999,154.839996,158.289993,149.537476,4367500
2016-09-13,157.630005,157.929993,155.500000,155.809998,147.194565,3636700
2016-09-14,155.699997,155.869995,153.389999,154.050003,145.531891,3860600
2016-09-15,154.300003,156.330002,153.210007,155.660004,147.052887,3645600
2016-09-16,155.039993,155.399994,153.470001,153.839996,145.333527,6463600
2016-09-19,154.869995,156.190002,154.550003,154.869995,146.306549,2442800
2016-09-20,155.869995,156.570007,154.449997,154.449997,145.909775,2159100
2016-09-21,154.910004,155.679993,153.869995,155.529999,146.930069,2473900
2016-09-22,156.149994,157.220001,155.690002,156.110001,147.478012,2691100
2016-09-23,155.619995,156.039993,154.710007,154.979996,146.410477,2702200
2016-09-26,154.460007,154.460007,153.460007,153.979996,145.465775,2533300
2016-09-27,154.320007,156.770004,153.809998,156.770004,148.101501,2987200
2016-09-28,156.990005,158.630005,156.229996,158.289993,149.537476,3310000
2016-09-29,158.630005,165.000000,157.460007,158.110001,149.367416,3374800
2016-09-30,158.899994,159.839996,158.059998,158.850006,150.066498,3596900
2016-10-03,158.059998,158.369995,157.020004,157.610001,148.895050,2227800
2016-10-04,157.669998,158.529999,155.820007,156.460007,147.808655,2884100
2016-10-05,157.070007,157.830002,156.720001,157.080002,148.394363,1684500
2016-10-06,156.839996,157.429993,155.889999,156.880005,148.205414,1950100
2016-10-07,157.139999,157.699997,154.860001,155.669998,147.062332,2671900
2016-10-10,156.710007,158.490005,156.660004,157.020004,148.337692,2449800
2016-10-11,156.729996,156.949997,153.889999,154.789993,146.230988,2901300
2016-10-12,154.970001,154.970001,153.080002,154.289993,145.758621,2964000
2016-10-13,153.699997,154.220001,152.270004,153.720001,145.220154,2909900
2016-10-14,154.470001,155.529999,154.089996,154.449997,145.909775,4358200
2016-10-17,154.449997,155.889999,154.339996,154.770004,146.212082,5890400
2016-10-18,150.020004,151.000000,147.789993,150.720001,142.386032,12705700
2016-10-19,151.270004,152.449997,150.830002,151.259995,142.896194,4632900
2016-10-20,151.279999,152.899994,151.020004,151.520004,143.141785,4023100
2016-10-21,150.580002,151.149994,149.559998,149.630005,141.356308,4414200
2016-10-24,150.399994,151.520004,150.399994,150.570007,142.244339,2666700
2016-10-25,150.570007,151.160004,149.830002,150.880005,142.537186,2647500
2016-10-26,150.710007,152.940002,150.259995,151.809998,143.415771,2811700
2016-10-27,152.820007,154.059998,152.020004,153.350006,144.870636,4229300
2016-10-28,154.050003,154.440002,152.179993,152.610001,144.171524,3654500
2016-10-31,152.759995,154.330002,152.759995,153.690002,145.191833,3553200
2016-11-01,153.500000,153.910004,151.740005,152.789993,144.341568,3191900
2016-11-02,152.479996,153.350006,151.669998,151.949997,143.548019,3074400
2016-11-03,152.509995,153.740005,151.800003,152.369995,143.944794,2878800
2016-11-04,152.399994,153.639999,151.869995,152.429993,144.001465,2470400
2016-11-07,153.990005,156.110001,153.839996,155.720001,147.109558,3804900
2016-11-08,154.559998,155.929993,153.059998,155.169998,147.919846,3915000
2016-11-09,152.960007,155.559998,151.000000,154.809998,147.576660,5403700
2016-11-10,157.660004,161.160004,157.589996,160.220001,152.733887,7715800
2016-11-11,159.970001,161.339996,159.330002,161.270004,153.734818,4446600
2016-11-14,161.250000,161.860001,157.580002,158.210007,150.817810,5180400
2016-11-15,158.419998,159.149994,157.550003,158.669998,151.256332,3477000
2016-11-16,158.460007,159.550003,158.029999,159.289993,151.847336,2244100
2016-11-17,159.220001,159.929993,158.850006,159.800003,152.333511,2261200
2016-11-18,159.800003,160.720001,159.210007,160.389999,152.895950,2981600
2016-11-21,160.690002,163.000000,160.369995,162.770004,155.164749,4637100
2016-11-22,163.000000,163.000000,161.949997,162.669998,155.069412,2770800
2016-11-23,161.940002,162.380005,161.360001,161.979996,154.411652,2252700
2016-11-25,161.830002,163.190002,161.830002,163.139999,155.517456,1605300
2016-11-28,163.199997,164.660004,162.699997,164.520004,156.832977,4449400
2016-11-29,164.000000,164.410004,163.029999,163.529999,155.889236,3148200
2016-11-30,163.350006,163.800003,162.210007,162.220001,154.640457,4397800
2016-12-01,161.949997,162.199997,158.300003,159.820007,152.352585,4635700
2016-12-02,159.000000,160.289993,158.410004,160.020004,152.543243,2740900
2016-12-05,160.850006,161.149994,159.589996,159.839996,152.371643,3447100
2016-12-06,160.130005,160.789993,158.929993,160.350006,152.857819,2859000
2016-12-07,160.600006,165.179993,160.389999,164.789993,157.090347,4435100
2016-12-08,164.869995,166.000000,164.220001,165.360001,157.633743,3266400
2016-12-09,165.179993,166.720001,164.600006,166.520004,158.739532,3146900
2016-12-12,166.720001,166.789993,165.070007,165.500000,157.767197,3392300
2016-12-13,165.679993,169.949997,165.679993,168.289993,160.426819,5932300
2016-12-14,168.369995,169.889999,167.449997,168.509995,160.636551,4124200
2016-12-15,168.009995,169.850006,167.779999,168.020004,160.169449,3388600
2016-12-16,168.970001,169.110001,166.059998,166.729996,158.939713,6679200
2016-12-19,166.830002,167.259995,166.000000,166.679993,158.892059,2955900
2016-12-20,167.490005,168.250000,166.449997,167.600006,159.769089,2174600
2016-12-21,166.250000,167.940002,165.250000,167.330002,159.511688,3575700
2016-12-22,167.360001,168.229996,166.580002,167.059998,159.254288,2802600
2016-12-23,167.000000,167.490005,166.449997,166.710007,158.920654,1699200
2016-12-27,166.979996,167.979996,166.850006,167.139999,159.330551,1397500
2016-12-28,167.289993,167.740005,166.000000,166.190002,158.424957,1757500
2016-12-29,166.020004,166.990005,166.000000,166.600006,158.815811,1594000
2016-12-30,166.440002,166.699997,165.500000,165.990005,158.234299,2952800
2017-01-03,167.000000,167.869995,166.009995,167.190002,159.378235,2934300
2017-01-04,167.770004,169.869995,167.360001,169.259995,161.351501,3381400
2017-01-05,169.250000,169.389999,167.259995,168.699997,160.817673,2682300
2017-01-06,168.690002,169.919998,167.520004,169.529999,161.608887,2945500
2017-01-09,169.470001,169.800003,167.619995,167.649994,159.816727,3184700
2017-01-10,167.979996,168.089996,165.339996,165.520004,157.786255,4118700
2017-01-11,166.050003,167.759995,165.600006,167.750000,159.912064,3599500
2017-01-12,167.770004,168.009995,165.559998,167.949997,160.102707,2927500
2017-01-13,167.970001,168.479996,166.880005,167.339996,159.521210,2875400
2017-01-17,166.690002,168.179993,166.119995,167.889999,160.045502,3302900
2017-01-18,167.449997,168.589996,166.690002,166.800003,159.006454,4007800
2017-01-19,166.960007,167.449997,165.800003,166.809998,159.016006,6963400
2017-01-20,167.809998,170.639999,166.000000,170.550003,162.581238,12690000
2017-01-23,170.080002,171.250000,170.009995,171.029999,163.038803,5478200
2017-01-24,171.360001,176.000000,171.160004,175.899994,167.681244,6952400
2017-01-25,176.259995,179.250000,176.130005,178.289993,169.959579,5922500
2017-01-26,178.059998,178.880005,177.509995,178.660004,170.312302,3063900
2017-01-27,178.470001,179.199997,177.300003,177.300003,169.015854,3482300
2017-01-30,176.979996,177.070007,174.580002,175.800003,167.585922,4094800
2017-01-31,175.050003,175.580002,173.610001,174.520004,166.365753,4139000
2017-02-01,175.000000,175.699997,172.889999,174.289993,166.146484,2795700
2017-02-02,174.229996,174.970001,173.550003,174.580002,166.422943,2620500
2017-02-03,175.000000,176.339996,174.889999,175.820007,167.605026,3309300
2017-02-06,175.309998,175.979996,174.380005,175.860001,167.643143,2650800
2017-02-07,176.000000,178.619995,175.899994,178.460007,170.121643,3873500
2017-02-08,177.500000,177.500000,175.880005,176.169998,169.266510,2913100
2017-02-09,176.169998,177.800003,175.910004,177.210007,170.265793,3090700
2017-02-10,177.369995,178.869995,176.759995,178.679993,171.678146,2930700
2017-02-13,179.240005,179.899994,178.839996,179.360001,172.331528,3093400
2017-02-14,178.570007,180.130005,178.350006,180.130005,173.071350,2567900
2017-02-15,180.199997,181.919998,179.809998,181.679993,174.560593,2914300
2017-02-16,181.449997,182.789993,180.869995,181.429993,174.320404,3251500
2017-02-17,181.250000,181.570007,180.000000,180.669998,173.590195,3552500
2017-02-21,180.600006,180.789993,179.119995,180.259995,173.196243,4480300
2017-02-22,180.089996,181.339996,180.089996,181.149994,174.051376,3020500
2017-02-23,182.000000,182.500000,180.919998,181.649994,174.531784,2282500
2017-02-24,180.210007,181.490005,179.889999,181.350006,174.243530,3300100
2017-02-27,181.190002,181.250000,179.279999,179.399994,172.369965,3691300
2017-02-28,179.380005,180.630005,179.350006,179.820007,172.773514,3273400
2017-03-01,180.479996,182.550003,180.029999,181.949997,174.820023,3005600
2017-03-02,181.880005,181.880005,180.429993,180.529999,173.455673,2918200
2017-03-03,180.529999,181.320007,179.759995,180.050003,172.994476,1822000
2017-03-06,179.720001,180.990005,179.570007,180.470001,173.398026,3204400
2017-03-07,180.710007,181.289993,180.199997,180.380005,173.311554,2980500
2017-03-08,180.750000,180.949997,179.300003,179.449997,172.417999,3557400
2017-03-09,179.149994,179.250000,175.880005,177.179993,170.236938,5444100
2017-03-10,178.210007,179.490005,177.419998,177.830002,170.861481,3100300
2017-03-13,177.850006,178.059998,176.419998,176.460007,169.545181,3482200
2017-03-14,176.179993,176.820007,175.210007,175.720001,168.834167,3147500
2017-03-15,175.710007,176.279999,174.750000,175.809998,168.920654,3815500
2017-03-16,178.460007,179.000000,176.820007,177.240005,170.294601,4311800
2017-03-17,176.289993,176.789993,175.649994,175.649994,168.766891,5921000
2017-03-20,175.649994,176.179993,175.139999,175.699997,168.814941,2476100
2017-03-21,176.009995,176.229996,173.839996,173.880005,167.066254,3927700
2017-03-22,174.039993,175.059998,172.800003,174.779999,167.930984,3450500
2017-03-23,174.429993,175.669998,173.559998,174.820007,167.969421,3740000
2017-03-24,175.119995,175.500000,173.389999,173.830002,167.018219,3221700
2017-03-27,172.690002,174.160004,172.089996,173.770004,166.960571,3259000
2017-03-28,173.940002,175.000000,173.000000,174.509995,167.671585,3523900
2017-03-29,174.300003,174.490005,173.460007,173.940002,167.123901,3085600
2017-03-30,173.860001,174.589996,173.690002,173.860001,167.047058,3168300
2017-03-31,173.979996,174.949997,173.690002,174.139999,167.316086,2913700
2017-04-03,173.820007,174.869995,173.380005,174.500000,167.661957,4286500
2017-04-04,173.520004,174.960007,173.259995,174.520004,167.681183,3108900
2017-04-05,174.699997,176.330002,172.809998,172.880005,166.105453,6238900
2017-04-06,173.470001,173.470001,172.250000,172.449997,165.692307,3435400
2017-04-07,172.080002,172.929993,171.279999,172.139999,165.394455,3588300
2017-04-10,172.529999,172.559998,171.000000,171.199997,164.491302,3789900
2017-04-11,170.649994,171.229996,168.979996,170.580002,163.895584,4891900
2017-04-12,171.039993,171.199997,170.020004,170.660004,163.972443,3276900
2017-04-13,169.919998,171.360001,169.529999,169.529999,162.886719,3205500
2017-04-17,169.750000,171.300003,169.619995,171.100006,164.395218,3720200
2017-04-18,170.789993,171.690002,169.830002,170.050003,163.386368,6345500
2017-04-19,161.759995,162.639999,159.600006,161.690002,155.353958,19284300
2017-04-20,161.320007,162.399994,160.500000,162.300003,155.940033,6486800
2017-04-21,162.050003,162.110001,160.380005,160.380005,154.095306,5607800
2017-04-24,161.289993,161.570007,160.419998,160.750000,154.450775,5320600
2017-04-25,161.779999,162.039993,160.380005,160.389999,154.104889,4860400
2017-04-26,160.529999,161.100006,159.889999,160.059998,153.787811,4327800
2017-04-27,160.289993,160.479996,159.630005,160.320007,154.037643,4122600
2017-04-28,160.500000,160.589996,159.699997,160.289993,154.008820,4154100
2017-05-01,160.050003,160.419998,158.699997,158.839996,152.615616,4935300
2017-05-02,159.440002,159.490005,158.639999,159.100006,152.865433,3208200
2017-05-03,158.740005,159.449997,158.520004,158.630005,152.413864,3993300
2017-05-04,158.889999,159.139999,158.360001,159.050003,152.817398,4280600
2017-05-05,153.520004,155.779999,153.000000,155.050003,148.974136,12521300
2017-05-08,152.800003,153.470001,152.199997,153.029999,148.469650,7492000
2017-05-09,152.600006,153.100006,151.559998,152.110001,147.577057,6853000
2017-05-10,151.649994,152.369995,151.130005,151.250000,146.742676,4999900
2017-05-11,151.050003,151.149994,149.789993,150.649994,146.160568,5627900
2017-05-12,150.300003,151.259995,150.000000,150.369995,145.888901,3715300
2017-05-15,150.619995,151.830002,150.449997,151.509995,146.994919,4245500
2017-05-16,151.660004,153.990005,151.660004,153.679993,149.100266,5513700
2017-05-17,153.300003,154.139999,150.889999,150.929993,146.432220,5191500
2017-05-18,150.860001,151.330002,150.110001,150.779999,146.286682,3274200
2017-05-19,151.009995,152.460007,150.889999,151.979996,147.450928,5643000
2017-05-22,152.100006,152.839996,151.600006,152.639999,148.091263,3302100
2017-05-23,152.570007,153.679993,151.919998,152.029999,147.499451,2564500
2017-05-24,152.210007,152.759995,151.229996,152.509995,147.965134,3732400
2017-05-25,153.250000,153.729996,152.949997,153.199997,148.634567,2582700
2017-05-26,152.850006,153.000000,152.059998,152.490005,147.945755,2443300
2017-05-30,151.949997,152.669998,151.589996,151.729996,147.208374,3666000
2017-05-31,152.029999,152.800003,151.649994,152.630005,148.081573,3543400
2017-06-01,152.800003,152.869995,151.630005,152.669998,148.120361,2918100
2017-06-02,153.070007,153.199997,151.800003,152.050003,147.518845,3585700
2017-06-05,151.820007,152.929993,151.679993,152.410004,147.868134,3975100
2017-06-06,152.000000,152.889999,152.000000,152.369995,147.829315,3797200
2017-06-07,153.050003,154.199997,150.800003,150.979996,146.480728,4865700
2017-06-08,151.000000,152.820007,150.919998,152.100006,147.567368,3709000
2017-06-09,152.000000,154.259995,151.880005,154.100006,149.507767,4361500
2017-06-12,154.190002,157.199997,154.020004,155.179993,150.555573,6471500
2017-06-13,155.440002,155.479996,154.149994,154.250000,149.653290,3523500
2017-06-14,153.970001,154.940002,152.940002,153.809998,149.226379,3049100
2017-06-15,153.289993,154.690002,153.289993,154.220001,149.624176,4654300
2017-06-16,154.229996,155.419998,152.970001,155.380005,150.749634,6742000
2017-06-19,155.509995,155.860001,154.539993,154.839996,150.225708,4629500
2017-06-20,154.479996,155.389999,154.250000,154.949997,150.332428,4481700
2017-06-21,155.789993,155.789993,153.389999,153.789993,149.206985,3959700
2017-06-22,154.550003,154.990005,153.690002,154.399994,149.798813,2376500
2017-06-23,154.339996,154.679993,153.800003,154.110001,149.517471,3282200
2017-06-26,154.710007,155.750000,154.630005,155.229996,150.604065,2153500
2017-06-27,155.000000,155.339996,154.500000,154.750000,150.138382,2386500
2017-06-28,155.149994,155.550003,154.779999,155.320007,150.691406,2221000
2017-06-29,155.350006,155.740005,153.619995,154.130005,149.536865,3262200
2017-06-30,154.279999,154.500000,153.139999,153.830002,149.245819,3571500
2017-07-03,153.580002,156.029999,153.520004,155.580002,150.943649,2822500
2017-07-05,155.770004,155.889999,153.630005,153.669998,149.090561,3564400
2017-07-06,153.360001,153.830002,152.229996,152.360001,147.819611,2757500
2017-07-07,152.619995,153.490005,152.139999,152.940002,148.382324,2460100
2017-07-10,152.910004,153.889999,152.630005,153.419998,148.848038,3206200
2017-07-11,153.259995,153.649994,152.050003,153.190002,148.624878,3447500
2017-07-12,153.479996,154.240005,153.050003,153.699997,149.119675,3097900
2017-07-13,153.699997,154.190002,153.190002,153.630005,149.051773,2476100
2017-07-14,154.009995,154.619995,153.399994,154.240005,149.643585,3256400
2017-07-17,153.589996,153.880005,152.240005,153.009995,148.450226,4762600
2017-07-18,152.360001,154.289993,152.000000,154.000000,149.410721,7566800
2017-07-19,150.020004,150.250000,146.710007,147.529999,143.133545,14293600
2017-07-20,147.529999,148.830002,147.029999,147.660004,143.259659,7212200
2017-07-21,147.589996,147.869995,146.509995,147.080002,142.696960,6509500
2017-07-24,147.000000,147.039993,145.800003,145.990005,141.639435,3877600
2017-07-25,146.570007,147.490005,146.029999,146.190002,141.833481,4208900
2017-07-26,146.270004,146.460007,144.470001,145.360001,141.028198,3932400
2017-07-27,145.000000,145.399994,143.639999,145.070007,140.746872,6430800
2017-07-28,144.809998,145.039993,143.839996,144.289993,139.990082,3054800
2017-07-31,144.380005,144.929993,144.169998,144.669998,140.358765,4355700
2017-08-01,145.000000,145.669998,144.720001,145.300003,140.970001,3219500
2017-08-02,145.119995,145.289993,144.220001,144.449997,140.145340,3540900
2017-08-03,144.429993,145.339996,144.429993,144.940002,140.620728,3035400
2017-08-04,145.000000,145.389999,144.399994,145.160004,140.834167,2549400
2017-08-07,145.000000,145.089996,142.750000,143.470001,139.194519,4618300
2017-08-08,142.000000,142.759995,142.000000,142.110001,139.331802,3298700
2017-08-09,141.750000,142.029999,141.190002,141.770004,138.998444,2925800
2017-08-10,141.639999,142.419998,141.229996,141.839996,139.067078,4525400
2017-08-11,142.449997,142.589996,141.520004,141.839996,139.067078,3004000
2017-08-14,142.000000,142.759995,141.940002,142.320007,139.537689,2222300
2017-08-15,142.550003,143.339996,140.580002,142.070007,139.292587,4681500
2017-08-16,141.789993,142.910004,141.610001,142.500000,139.714172,3287800
2017-08-17,142.520004,142.889999,140.699997,140.699997,137.949356,4422100
2017-08-18,140.869995,141.149994,139.580002,139.699997,136.968918,4152700
2017-08-21,139.589996,140.419998,139.130005,140.330002,137.586594,3190700
2017-08-22,140.639999,141.149994,140.380005,141.009995,138.253296,2544400
2017-08-23,140.699997,143.050003,140.679993,142.139999,139.361206,4048300
2017-08-24,142.500000,143.679993,142.250000,142.940002,140.145569,3592200
2017-08-25,143.300003,144.190002,143.250000,143.740005,140.929932,2872900
2017-08-28,144.110001,144.559998,142.389999,142.509995,139.723969,5134500
2017-08-29,142.100006,143.429993,141.899994,143.139999,140.341660,3009500
2017-08-30,143.259995,143.279999,142.410004,142.559998,139.772995,2736000
2017-08-31,143.020004,143.660004,142.630005,143.029999,140.233810,3656400
2017-09-01,142.979996,144.500000,142.979996,144.080002,141.263290,3351700
2017-09-05,143.500000,144.360001,142.699997,143.039993,140.243622,3097500
2017-09-06,143.880005,144.470001,143.500000,143.820007,141.008377,3273300
2017-09-07,144.100006,144.639999,142.410004,142.899994,140.106339,4188200
2017-09-08,143.149994,143.149994,141.639999,142.449997,139.665146,3366200
2017-09-11,143.539993,145.130005,143.009995,144.860001,142.028030,4613400
2017-09-12,145.110001,146.369995,144.509995,145.759995,142.910431,5238100
2017-09-13,145.350006,146.289993,145.339996,145.990005,143.135941,4101000
2017-09-14,145.860001,146.380005,145.509995,145.539993,142.694733,3756900
2017-09-15,144.820007,145.169998,144.080002,144.820007,141.988815,7397200
2017-09-18,144.809998,145.479996,144.270004,144.550003,141.724091,3019500
2017-09-19,144.789993,144.979996,144.220001,144.389999,141.567215,3464400
2017-09-20,144.929993,145.880005,144.419998,145.880005,143.028107,5447500
2017-09-21,145.649994,145.889999,145.100006,145.259995,142.420212,2555600
2017-09-22,145.589996,145.589996,144.589996,145.130005,142.292755,2792300
2017-09-25,145.119995,146.029999,144.910004,145.869995,143.018280,5213100
2017-09-26,146.360001,147.419998,145.940002,146.559998,143.694809,4488600
2017-09-27,146.679993,146.899994,145.029999,145.660004,142.812393,3502700
2017-09-28,145.660004,145.860001,144.210007,145.660004,142.812393,2774800
2017-09-29,145.449997,145.690002,144.919998,145.080002,142.243729,2654700
2017-10-02,145.350006,146.869995,145.210007,146.660004,143.792847,2973200
2017-10-03,146.690002,147.199997,146.339996,146.779999,143.910492,2302700
2017-10-04,147.000000,147.020004,146.110001,146.479996,143.616348,2244400
2017-10-05,146.679993,147.539993,146.479996,146.720001,143.851669,2686500
2017-10-06,146.639999,146.850006,146.320007,146.479996,143.616348,2623200
2017-10-09,146.500000,147.789993,146.350006,147.389999,144.508575,2682600
2017-10-10,147.710007,148.949997,147.649994,148.500000,145.596863,4032600
2017-10-11,148.399994,148.470001,147.279999,147.619995,144.734070,3702200
2017-10-12,147.559998,147.889999,146.770004,147.029999,144.155609,3264300
2017-10-13,147.479996,147.850006,146.940002,147.100006,144.224243,2506600
2017-10-16,147.220001,147.669998,146.509995,146.830002,143.959518,3052100
2017-10-17,146.630005,147.119995,146.179993,146.539993,143.675186,6372400
2017-10-18,157.119995,161.229996,156.949997,159.529999,156.411240,30490200
2017-10-19,159.800003,160.960007,159.089996,160.899994,157.754456,9914200
2017-10-20,161.070007,162.479996,159.770004,162.070007,158.901581,7868800
2017-10-23,162.050003,162.509995,159.539993,159.550003,156.430862,5779400
2017-10-24,159.649994,159.699997,155.169998,155.880005,152.832596,8194700
2017-10-25,156.009995,156.369995,153.059998,153.500000,150.499115,6921100
2017-10-26,154.309998,155.119995,153.539993,153.600006,150.597183,4300500
2017-10-27,154.539993,154.630005,152.910004,153.679993,150.675598,4895200
2017-10-30,153.759995,154.589996,152.710007,154.360001,151.342316,4210400
2017-10-31,154.330002,154.929993,152.929993,154.059998,151.048172,4328300
2017-11-01,154.100006,154.899994,153.830002,154.029999,151.018768,3240200
2017-11-02,154.179993,154.490005,152.910004,153.350006,150.352066,3397600
2017-11-03,153.419998,153.470001,151.490005,151.580002,148.616669,4431800
2017-11-06,151.770004,151.820007,150.279999,150.839996,147.891129,4498400
2017-11-07,151.369995,151.509995,150.500000,151.350006,148.391159,3701100
2017-11-08,151.600006,151.789993,150.279999,151.570007,148.606857,4634400
2017-11-09,149.929993,151.800003,149.860001,150.300003,148.834610,4776500
2017-11-10,150.649994,150.889999,149.139999,149.160004,147.705734,4307300
2017-11-13,148.880005,149.000000,147.919998,148.399994,146.953125,5107500
2017-11-14,147.949997,148.970001,147.490005,148.889999,147.438354,3758000
2017-11-15,148.000000,148.710007,146.210007,147.100006,145.665817,4773300
2017-11-16,147.729996,149.649994,147.500000,149.119995,147.666107,5446500
2017-11-17,149.339996,150.149994,148.830002,148.970001,147.517578,4916500
2017-11-20,150.639999,151.949997,149.899994,150.509995,149.042557,5676500
2017-11-21,151.300003,152.449997,151.199997,151.949997,150.468521,3756200
2017-11-22,152.000000,152.389999,151.330002,151.770004,150.290283,3213600
2017-11-24,151.949997,152.199997,151.330002,151.839996,150.359589,1193000
2017-11-27,152.059998,152.490005,151.619995,151.979996,150.498230,3374000
2017-11-28,152.350006,152.929993,151.699997,152.470001,150.983459,3973700
2017-11-29,152.809998,153.610001,152.169998,153.550003,152.052933,5098700
2017-11-30,153.649994,154.410004,153.080002,153.970001,152.468826,6500800
2017-12-01,154.399994,155.020004,152.910004,154.759995,153.251114,5567900
2017-12-04,155.960007,156.800003,155.070007,156.460007,154.934555,4664300
2017-12-05,156.449997,156.740005,154.679993,155.350006,153.835373,5068000
2017-12-06,154.100006,156.220001,154.089996,154.100006,152.597565,3410700
2017-12-07,153.589996,154.449997,153.259995,153.570007,152.072739,3771100
2017-12-08,154.979996,155.029999,153.550003,154.809998,153.300629,3520300
2017-12-11,155.460007,155.889999,154.570007,155.410004,153.894791,4102700
2017-12-12,157.300003,157.850006,155.160004,156.740005,155.211823,6321800
2017-12-13,156.600006,156.729996,153.889999,153.910004,152.409424,5661600
2017-12-14,154.600006,155.110001,153.699997,154.000000,152.498535,4637400
2017-12-15,153.610001,153.800003,152.029999,152.500000,151.013153,11279900
2017-12-18,153.589996,154.179993,153.210007,153.330002,151.835068,5092800
2017-12-19,154.050003,154.169998,153.089996,153.229996,151.736038,4116400
2017-12-20,153.649994,153.889999,152.779999,152.949997,151.458771,3785700
2017-12-21,153.169998,153.460007,151.490005,151.500000,150.022903,4153900
2017-12-22,151.820007,153.000000,151.500000,152.500000,151.013153,2990600
2017-12-26,152.509995,153.860001,152.500000,152.830002,151.339951,2479000
2017-12-27,152.949997,153.179993,152.610001,153.130005,151.637024,2149300
2017-12-28,153.199997,154.119995,153.199997,154.039993,152.538132,2687600
2017-12-29,154.169998,154.720001,153.419998,153.419998,151.924194,3327100
2018-01-02,154.500000,154.809998,153.539993,154.250000,152.746094,4202500
2018-01-03,157.339996,159.809998,156.330002,158.490005,156.944763,9441600
2018-01-04,159.649994,162.320007,159.369995,161.699997,160.123459,7556200
2018-01-05,162.440002,162.899994,161.100006,162.490005,160.905762,5195800
2018-01-08,162.660004,163.910004,161.699997,163.470001,161.876205,5237500
2018-01-09,163.899994,164.529999,163.059998,163.830002,162.232697,4341800
2018-01-10,162.910004,164.330002,162.500000,164.179993,162.579269,4174100
2018-01-11,164.800003,164.940002,163.300003,164.199997,162.599091,3794500
2018-01-12,164.020004,164.740005,163.029999,163.139999,161.549423,5031900
2018-01-16,165.100006,165.289993,163.350006,163.850006,162.252502,7794200
2018-01-17,168.009995,169.130005,167.259995,168.649994,167.005692,11710000
2018-01-18,170.000000,171.130005,168.149994,169.119995,167.471115,14259300
2018-01-19,164.460007,165.399994,161.300003,162.369995,160.786926,21172500
2018-01-22,161.509995,163.979996,161.110001,162.600006,161.014694,8480800
2018-01-23,162.820007,166.259995,162.509995,166.250000,164.629105,7466200
2018-01-24,166.750000,168.720001,164.820007,165.369995,163.757675,5645000
2018-01-25,165.910004,166.779999,165.190002,165.470001,163.856705,3302500
2018-01-26,166.119995,167.410004,165.789993,167.339996,165.708466,3787900
2018-01-29,167.449997,168.389999,166.009995,166.800003,165.173737,3517000
2018-01-30,166.210007,166.770004,163.160004,163.619995,162.024734,4902300
2018-01-31,163.750000,164.990005,162.759995,163.699997,162.103958,4072800
2018-02-01,163.190002,164.130005,161.899994,162.399994,160.816635,4434200
2018-02-02,161.699997,162.000000,158.869995,159.029999,157.479492,5251900
2018-02-05,157.889999,158.500000,150.000000,152.529999,151.042862,8746600
2018-02-06,150.289993,155.490005,149.110001,155.339996,153.825470,9867700
2018-02-07,154.169998,155.339996,153.279999,153.850006,152.350006,6149200
2018-02-08,152.479996,153.160004,147.500000,147.589996,147.589996,6779100
2018-02-09,148.600006,150.539993,144.399994,149.509995,149.509995,7828300
2018-02-12,150.899994,152.399994,150.300003,151.399994,151.399994,5881400
2018-02-13,150.899994,151.179993,149.639999,150.750000,150.750000,4891000
2018-02-14,150.190002,155.000000,150.000000,154.759995,154.759995,5479000
2018-02-15,155.500000,156.860001,153.699997,156.009995,156.009995,5623600
2018-02-16,155.710007,157.789993,155.690002,156.179993,156.179993,4282900
2018-02-20,155.789993,155.960007,153.869995,155.160004,155.160004,4489600
2018-02-21,155.429993,156.789993,153.899994,153.960007,153.960007,3728600
2018-02-22,154.500000,155.039993,152.789993,153.179993,153.179993,4024600
2018-02-23,154.300003,155.850006,154.070007,155.520004,155.520004,3256100
2018-02-26,155.809998,158.880005,155.509995,158.580002,158.580002,3610300
2018-02-27,158.460007,159.779999,156.529999,156.550003,156.550003,4237300
2018-02-28,157.500000,158.139999,155.800003,155.830002,155.830002,3803500
2018-03-01,155.529999,156.970001,152.789993,153.809998,153.809998,4039300
2018-03-02,152.789993,154.759995,151.880005,154.490005,154.490005,3157900
